카테고리,상품명,가격,작성일자,판매상태,URL
스포츠/레저,파리게이츠 경량점퍼 0호,"60,000원",22초 전,판매중,https://www.daangn.com/kr/buy-sell/%ED%8C%8C%EB%A6%AC%EA%B2%8C%EC%9D%B4%EC%B8%A0-%EA%B2%BD%EB%9F%89%EC%A0%90%ED%8D%BC-0%ED%98%B8-i953viu4wrru/?in=%EB%8C%80%EC%B9%98%EB%8F%99-6032
스포츠/레저,"두산베어스 아디다스 어센틱 원정 유니폼(노마킹, 노패치 버전) S(90)사이즈 판매합니다.","120,000원",끌올 11분 전,판매중,https://www.daangn.com/kr/buy-sell/%EB%91%90%EC%82%B0%EB%B2%A0%EC%96%B4%EC%8A%A4-%EC%95%84%EB%94%94%EB%8B%A4%EC%8A%A4-%EC%96%B4%EC%84%BC%ED%8B%B1-%EC%9B%90%EC%A0%95-%EC%9C%A0%EB%8B%88%ED%8F%BC-%EB%85%B8%EB%A7%88%ED%82%B9-%EB%85%B8%ED%8C%A8%EC%B9%98-%EB%B2%84%EC%A0%84-s-90-%EC%82%AC%EC%9D%B4%EC%A6%88-%ED%8C%90%EB%A7%A4%ED%95%A9%EB%8B%88%EB%8B%A4-f74i21kegmph/?in=%EB%8C%80%EC%B9%98%EB%8F%99-6032
스포츠/레저,롤링스 프리모 내야 글러브,"260,000원",24분 전,판매중,https://www.daangn.com/kr/buy-sell/%EB%A1%A4%EB%A7%81%EC%8A%A4-%ED%94%84%EB%A6%AC%EB%AA%A8-%EB%82%B4%EC%95%BC-%EA%B8%80%EB%9F%AC%EB%B8%8C-jrg7dftfcv5j/?in=%EB%8C%80%EC%B9%98%EB%8F%99-6032
스포츠/레저,탁스 네오 트레이너,"500,000원",끌올 59분 전,판매중,https://www.daangn.com/kr/buy-sell/%ED%83%81%EC%8A%A4-%EB%84%A4%EC%98%A4-%ED%8A%B8%EB%A0%88%EC%9D%B4%EB%84%88-zh5igtevjdzc/?in=%EB%8C%80%EC%B9%98%EB%8F%99-6032
스포츠/레저,BMW F8X M 순정 카본디퓨저 / 컴페 블랙팁 판매합니다,"140,000원",끌올 1시간 전,판매중,https://www.daangn.com/kr/buy-sell/bmw-f8x-m-%EC%88%9C%EC%A0%95-%EC%B9%B4%EB%B3%B8%EB%94%94%ED%93%A8%EC%A0%80-%EC%BB%B4%ED%8E%98-%EB%B8%94%EB%9E%99%ED%8C%81-%ED%8C%90%EB%A7%A4%ED%95%A9%EB%8B%88%EB%8B%A4-may1e71ggnb2/?in=%EB%8C%80%EC%B9%98%EB%8F%99-6032
스포츠/레저,우드 및 여러 유틸 정리합니다,"30,000원",1시간 전,판매중,https://www.daangn.com/kr/buy-sell/%EC%9A%B0%EB%93%9C-%EB%B0%8F-%EC%97%AC%EB%9F%AC-%EC%9C%A0%ED%8B%B8-%EC%A0%95%EB%A6%AC%ED%95%A9%EB%8B%88%EB%8B%A4-eovkxyojbnhr/?in=%EB%8C%80%EC%B9%98%EB%8F%99-6032
스포츠/레저,지포어 플리츠 스커트 70호,"280,000원",끌올 1시간 전,판매중,https://www.daangn.com/kr/buy-sell/%EC%A7%80%ED%8F%AC%EC%96%B4-%ED%94%8C%EB%A6%AC%EC%B8%A0-%EC%8A%A4%EC%BB%A4%ED%8A%B8-70%ED%98%B8-69umdfvg4634/?in=%EB%8C%80%EC%B9%98%EB%8F%99-6032
스포츠/레저,"PXG 56도, 51도 웨지","180,000원",1시간 전,판매중,https://www.daangn.com/kr/buy-sell/pxg-56%EB%8F%84-51%EB%8F%84-%EC%9B%A8%EC%A7%80-k2y6zopos2sc/?in=%EB%8C%80%EC%B9%98%EB%8F%99-6032
스포츠/레저,노르딕캠프 미니 웨건,"80,000원",1시간 전,판매중,https://www.daangn.com/kr/buy-sell/%EB%85%B8%EB%A5%B4%EB%94%95%EC%BA%A0%ED%94%84-%EB%AF%B8%EB%8B%88-%EC%9B%A8%EA%B1%B4-onb6njcncgv2/?in=%EB%8C%80%EC%B9%98%EB%8F%99-6032
스포츠/레저,"혼마 TW727, 에어로 버너, 젝시오 드라이버","80,000원",2시간 전,판매중,https://www.daangn.com/kr/buy-sell/%ED%98%BC%EB%A7%88-tw727-%EC%97%90%EC%96%B4%EB%A1%9C-%EB%B2%84%EB%84%88-%EC%A0%9D%EC%8B%9C%EC%98%A4-%EB%93%9C%EB%9D%BC%EC%9D%B4%EB%B2%84-g8rx5qi8ryte/?in=%EB%8C%80%EC%B9%98%EB%8F%99-6032
스포츠/레저,오늘만급처 새상품 / 나이키 남성 러닝화 페가수스 41 25SS 신상 컬러 260,"100,000원",2시간 전,판매중,https://www.daangn.com/kr/buy-sell/%EC%98%A4%EB%8A%98%EB%A7%8C%EA%B8%89%EC%B2%98-%EC%83%88%EC%83%81%ED%92%88-%EB%82%98%EC%9D%B4%ED%82%A4-%EB%82%A8%EC%84%B1-%EB%9F%AC%EB%8B%9D%ED%99%94-%ED%8E%98%EA%B0%80%EC%88%98%EC%8A%A4-41-25ss-%EC%8B%A0%EC%83%81-%EC%BB%AC%EB%9F%AC-260-99a3sbgbtp55/?in=%EB%8C%80%EC%B9%98%EB%8F%99-6032
스포츠/레저,[특가] 2002 월드컵 브라질 유니폼 상하의 세트 XL,"199,000원",끌올 2시간 전,판매중,https://www.daangn.com/kr/buy-sell/%ED%8A%B9%EA%B0%80-2002-%EC%9B%94%EB%93%9C%EC%BB%B5-%EB%B8%8C%EB%9D%BC%EC%A7%88-%EC%9C%A0%EB%8B%88%ED%8F%BC-%EC%83%81%ED%95%98%EC%9D%98-%EC%84%B8%ED%8A%B8-xl-8pe7mcwsy1ce/?in=%EB%8C%80%EC%B9%98%EB%8F%99-6032
스포츠/레저,거의새옷) 스파이더 후드집업 L 오렌지.사이즈 100,"70,000원",끌올 2시간 전,판매중,https://www.daangn.com/kr/buy-sell/%EA%B1%B0%EC%9D%98%EC%83%88%EC%98%B7-%EC%8A%A4%ED%8C%8C%EC%9D%B4%EB%8D%94-%ED%9B%84%EB%93%9C%EC%A7%91%EC%97%85-l-%EC%98%A4%EB%A0%8C%EC%A7%80-%EC%82%AC%EC%9D%B4%EC%A6%88-100-mxwaoz1qg4p2/?in=%EB%8C%80%EC%B9%98%EB%8F%99-6032
스포츠/레저,테일러메이드 P.UDI 2번 드라이빙 아이언,"300,000원",끌올 2시간 전,판매중,https://www.daangn.com/kr/buy-sell/%ED%85%8C%EC%9D%BC%EB%9F%AC%EB%A9%94%EC%9D%B4%EB%93%9C-p-udi-2%EB%B2%88-%EB%93%9C%EB%9D%BC%EC%9D%B4%EB%B9%99-%EC%95%84%EC%9D%B4%EC%96%B8-io8h896b1ca6/?in=%EB%8C%80%EC%B9%98%EB%8F%99-6032
스포츠/레저,풋조이 여성 골프웨어 세트,"60,000원",2시간 전,판매중,https://www.daangn.com/kr/buy-sell/%ED%92%8B%EC%A1%B0%EC%9D%B4-%EC%97%AC%EC%84%B1-%EA%B3%A8%ED%94%84%EC%9B%A8%EC%96%B4-%EC%84%B8%ED%8A%B8-dh2nr28y4ugk/?in=%EB%8C%80%EC%B9%98%EB%8F%99-6032
스포츠/레저,르꼬끄 골프웨어 치마,"18,000원",끌올 2시간 전,판매중,https://www.daangn.com/kr/buy-sell/%EB%A5%B4%EA%BC%AC%EB%81%84-%EA%B3%A8%ED%94%84%EC%9B%A8%EC%96%B4-%EC%B9%98%EB%A7%88-wg9k52etutqh/?in=%EB%8C%80%EC%B9%98%EB%8F%99-6032
스포츠/레저,(재당근)나이키 골프백,나눔,3시간 전,예약중,https://www.daangn.com/kr/buy-sell/%EC%9E%AC%EB%8B%B9%EA%B7%BC-%EB%82%98%EC%9D%B4%ED%82%A4-%EA%B3%A8%ED%94%84%EB%B0%B1-wcep27cnhxi4/?in=%EB%8C%80%EC%B9%98%EB%8F%99-6032
스포츠/레저,어뉴골프 초경량 냉감치마67호,"65,000원",3시간 전,판매중,https://www.daangn.com/kr/buy-sell/%EC%96%B4%EB%89%B4%EA%B3%A8%ED%94%84-%EC%B4%88%EA%B2%BD%EB%9F%89-%EB%83%89%EA%B0%90%EC%B9%98%EB%A7%8867%ED%98%B8-bs6m5igrpvaq/?in=%EB%8C%80%EC%B9%98%EB%8F%99-6032
스포츠/레저,스카티 카메론 골프백 커버셋트,"2,850,000원",끌올 3시간 전,판매중,https://www.daangn.com/kr/buy-sell/%EC%8A%A4%EC%B9%B4%ED%8B%B0-%EC%B9%B4%EB%A9%94%EB%A1%A0-%EA%B3%A8%ED%94%84%EB%B0%B1-%EC%BB%A4%EB%B2%84%EC%85%8B%ED%8A%B8-iappp8xd9bwz/?in=%EB%8C%80%EC%B9%98%EB%8F%99-6032
스포츠/레저,언노운 픽시 자전거,"600,000원",끌올 3시간 전,판매중,https://www.daangn.com/kr/buy-sell/%EC%96%B8%EB%85%B8%EC%9A%B4-%ED%94%BD%EC%8B%9C-%EC%9E%90%EC%A0%84%EA%B1%B0-pcd3wycavas6/?in=%EB%8C%80%EC%B9%98%EB%8F%99-6032
스포츠/레저,285 나이키 에어 줌 알파플라이 넥스트% 3 볼트,"480,000원",끌올 3시간 전,판매중,https://www.daangn.com/kr/buy-sell/285-%EB%82%98%EC%9D%B4%ED%82%A4-%EC%97%90%EC%96%B4-%EC%A4%8C-%EC%95%8C%ED%8C%8C%ED%94%8C%EB%9D%BC%EC%9D%B4-%EB%84%A5%EC%8A%A4%ED%8A%B8-3-%EB%B3%BC%ED%8A%B8-j2jwxk1cych4/?in=%EB%8C%80%EC%B9%98%EB%8F%99-6032
스포츠/레저,나이키 줌 베이퍼 16 풋살화 210 새상품,"43,000원",3시간 전,판매중,https://www.daangn.com/kr/buy-sell/%EB%82%98%EC%9D%B4%ED%82%A4-%EC%A4%8C-%EB%B2%A0%EC%9D%B4%ED%8D%BC-16-%ED%92%8B%EC%82%B4%ED%99%94-210-%EC%83%88%EC%83%81%ED%92%88-wuaqr3xygeh6/?in=%EB%8C%80%EC%B9%98%EB%8F%99-6032
스포츠/레저,정품 뉴발란스 X 에리즈 327 블랙,"270,000원",끌올 3시간 전,판매중,https://www.daangn.com/kr/buy-sell/%EC%A0%95%ED%92%88-%EB%89%B4%EB%B0%9C%EB%9E%80%EC%8A%A4-x-%EC%97%90%EB%A6%AC%EC%A6%88-327-%EB%B8%94%EB%9E%99-y2qfuyeb5r2g/?in=%EB%8C%80%EC%B9%98%EB%8F%99-6032
스포츠/레저,[275]트래비스 스캇 X 나이키 에어포스1로우(새제품),"600,000원",끌올 3시간 전,판매중,https://www.daangn.com/kr/buy-sell/275-%ED%8A%B8%EB%9E%98%EB%B9%84%EC%8A%A4-%EC%8A%A4%EC%BA%87-x-%EB%82%98%EC%9D%B4%ED%82%A4-%EC%97%90%EC%96%B4%ED%8F%AC%EC%8A%A41%EB%A1%9C%EC%9A%B0-%EC%83%88%EC%A0%9C%ED%92%88-2rb2x7r6mupy/?in=%EB%8C%80%EC%B9%98%EB%8F%99-6032
스포츠/레저,나이키 남성 반바지,"13,000원",4시간 전,판매완료,https://www.daangn.com/kr/buy-sell/%EB%82%98%EC%9D%B4%ED%82%A4-%EB%82%A8%EC%84%B1-%EB%B0%98%EB%B0%94%EC%A7%80-792cijz892zg/?in=%EB%8C%80%EC%B9%98%EB%8F%99-6032
스포츠/레저,"클리브랜드 RTX 웨지 56, 50 (일괄)","120,000원",4시간 전,판매중,https://www.daangn.com/kr/buy-sell/%ED%81%B4%EB%A6%AC%EB%B8%8C%EB%9E%9C%EB%93%9C-rtx-%EC%9B%A8%EC%A7%80-56-50-%EC%9D%BC%EA%B4%84-kgwhp5vu5mia/?in=%EB%8C%80%EC%B9%98%EB%8F%99-6032
스포츠/레저,미드모터스테이트sf6m전기자전거,"2,000,000원",끌올 4시간 전,판매중,https://www.daangn.com/kr/buy-sell/%EB%AF%B8%EB%93%9C%EB%AA%A8%ED%84%B0%EC%8A%A4%ED%85%8C%EC%9D%B4%ED%8A%B8sf6m%EC%A0%84%EA%B8%B0%EC%9E%90%EC%A0%84%EA%B1%B0-tcweusww94zw/?in=%EB%8C%80%EC%B9%98%EB%8F%99-6032
스포츠/레저,허타이거 힙업밴드 M,"3,000원",끌올 4시간 전,판매중,https://www.daangn.com/kr/buy-sell/%ED%97%88%ED%83%80%EC%9D%B4%EA%B1%B0-%ED%9E%99%EC%97%85%EB%B0%B4%EB%93%9C-m-kmmehjh8g9sb/?in=%EB%8C%80%EC%B9%98%EB%8F%99-6032
스포츠/레저,피엘라벤 아비스코돔 3인 텐트+풋프린트+타프L,"950,000원",끌올 4시간 전,판매중,https://www.daangn.com/kr/buy-sell/%ED%94%BC%EC%97%98%EB%9D%BC%EB%B2%A4-%EC%95%84%EB%B9%84%EC%8A%A4%EC%BD%94%EB%8F%94-3%EC%9D%B8-%ED%85%90%ED%8A%B8-%ED%92%8B%ED%94%84%EB%A6%B0%ED%8A%B8-%ED%83%80%ED%94%84l-egdyqgxqczb9/?in=%EB%8C%80%EC%B9%98%EB%8F%99-6032
스포츠/레저,아베크롬비 키즈 수영바지 / 반팔 래쉬가드,"25,000원",끌올 4시간 전,판매중,https://www.daangn.com/kr/buy-sell/%EC%95%84%EB%B2%A0%ED%81%AC%EB%A1%AC%EB%B9%84-%ED%82%A4%EC%A6%88-%EC%88%98%EC%98%81%EB%B0%94%EC%A7%80-%EB%B0%98%ED%8C%94-%EB%9E%98%EC%89%AC%EA%B0%80%EB%93%9C-nmpanrcqietq/?in=%EB%8C%80%EC%B9%98%EB%8F%99-6032
스포츠/레저,요넥스 이존 98 아쿠아블랙,"140,000원",끌올 4시간 전,판매중,https://www.daangn.com/kr/buy-sell/%EC%9A%94%EB%84%A5%EC%8A%A4-%EC%9D%B4%EC%A1%B4-98-%EC%95%84%EC%BF%A0%EC%95%84%EB%B8%94%EB%9E%99-cnrivkoy79vt/?in=%EB%8C%80%EC%B9%98%EB%8F%99-6032
스포츠/레저,맥스페디션(맥포스) 벌쳐2 3Day 백팩+보틀홀더+오거나이저,"149,000원",끌올 4시간 전,판매중,https://www.daangn.com/kr/buy-sell/%EB%A7%A5%EC%8A%A4%ED%8E%98%EB%94%94%EC%85%98-%EB%A7%A5%ED%8F%AC%EC%8A%A4-%EB%B2%8C%EC%B3%902-3day-%EB%B0%B1%ED%8C%A9-%EB%B3%B4%ED%8B%80%ED%99%80%EB%8D%94-%EC%98%A4%EA%B1%B0%EB%82%98%EC%9D%B4%EC%A0%80-k2vwp33j8awz/?in=%EB%8C%80%EC%B9%98%EB%8F%99-6032
스포츠/레저,스피도 수영복 기본 블랙 28사이즈 판매합니다.,"33,000원",5시간 전,판매중,https://www.daangn.com/kr/buy-sell/%EC%8A%A4%ED%94%BC%EB%8F%84-%EC%88%98%EC%98%81%EB%B3%B5-%EA%B8%B0%EB%B3%B8-%EB%B8%94%EB%9E%99-28%EC%82%AC%EC%9D%B4%EC%A6%88-%ED%8C%90%EB%A7%A4%ED%95%A9%EB%8B%88%EB%8B%A4-6sbf48behr4c/?in=%EB%8C%80%EC%B9%98%EB%8F%99-6032
스포츠/레저,캘러웨이 X2 HOT 3번 유틸리티 19도,"40,000원",끌올 5시간 전,판매중,https://www.daangn.com/kr/buy-sell/%EC%BA%98%EB%9F%AC%EC%9B%A8%EC%9D%B4-x2-hot-3%EB%B2%88-%EC%9C%A0%ED%8B%B8%EB%A6%AC%ED%8B%B0-19%EB%8F%84-sck5a7axz693/?in=%EB%8C%80%EC%B9%98%EB%8F%99-6032
스포츠/레저,에어프렌즈 에어매트 10cm 트윈,"126,000원",끌올 5시간 전,판매중,https://www.daangn.com/kr/buy-sell/%EC%97%90%EC%96%B4%ED%94%84%EB%A0%8C%EC%A6%88-%EC%97%90%EC%96%B4%EB%A7%A4%ED%8A%B8-10cm-%ED%8A%B8%EC%9C%88-s7ernmtta8dn/?in=%EB%8C%80%EC%B9%98%EB%8F%99-6032
스포츠/레저,코베아 캠핑 카펫 아웃백 블랙 새상품,"25,000원",5시간 전,판매중,https://www.daangn.com/kr/buy-sell/%EC%BD%94%EB%B2%A0%EC%95%84-%EC%BA%A0%ED%95%91-%EC%B9%B4%ED%8E%AB-%EC%95%84%EC%9B%83%EB%B0%B1-%EB%B8%94%EB%9E%99-%EC%83%88%EC%83%81%ED%92%88-q53hc1fsbj8o/?in=%EB%8C%80%EC%B9%98%EB%8F%99-6032
스포츠/레저,2024 르꼬끄 슬리퍼 250 거의새제품,"29,000원",끌올 5시간 전,판매중,https://www.daangn.com/kr/buy-sell/2024-%EB%A5%B4%EA%BC%AC%EB%81%84-%EC%8A%AC%EB%A6%AC%ED%8D%BC-250-%EA%B1%B0%EC%9D%98%EC%83%88%EC%A0%9C%ED%92%88-qxyb13apdoia/?in=%EB%8C%80%EC%B9%98%EB%8F%99-6032
스포츠/레저,아쿠아슈즈 어린이핑크 200~210cm,"7,000원",끌올 5시간 전,판매중,https://www.daangn.com/kr/buy-sell/%EC%95%84%EC%BF%A0%EC%95%84%EC%8A%88%EC%A6%88-%EC%96%B4%EB%A6%B0%EC%9D%B4%ED%95%91%ED%81%AC-200-210cm-f98k72ycvqju/?in=%EB%8C%80%EC%B9%98%EB%8F%99-6032
스포츠/레저,미즈노 야구 글러브 오렌지,"150,000원",끌올 5시간 전,판매중,https://www.daangn.com/kr/buy-sell/%EB%AF%B8%EC%A6%88%EB%85%B8-%EC%95%BC%EA%B5%AC-%EA%B8%80%EB%9F%AC%EB%B8%8C-%EC%98%A4%EB%A0%8C%EC%A7%80-rh3wdmyrnrrg/?in=%EB%8C%80%EC%B9%98%EB%8F%99-6032
스포츠/레저,몬스터프로 루프랙 가로바,"47,000원",끌올 5시간 전,판매중,https://www.daangn.com/kr/buy-sell/%EB%AA%AC%EC%8A%A4%ED%84%B0%ED%94%84%EB%A1%9C-%EB%A3%A8%ED%94%84%EB%9E%99-%EA%B0%80%EB%A1%9C%EB%B0%94-zci2sdm7ozr3/?in=%EB%8C%80%EC%B9%98%EB%8F%99-6032
스포츠/레저,롯데 자이언츠 미니 가방 새상품,"35,000원",끌올 5시간 전,판매중,https://www.daangn.com/kr/buy-sell/%EB%A1%AF%EB%8D%B0-%EC%9E%90%EC%9D%B4%EC%96%B8%EC%B8%A0-%EB%AF%B8%EB%8B%88-%EA%B0%80%EB%B0%A9-%EC%83%88%EC%83%81%ED%92%88-ythgdc85espg/?in=%EB%8C%80%EC%B9%98%EB%8F%99-6032
스포츠/레저,우먼즈 루나 베스트 수상 구명 조끼,"100,000원",끌올 5시간 전,판매중,https://www.daangn.com/kr/buy-sell/%EC%9A%B0%EB%A8%BC%EC%A6%88-%EB%A3%A8%EB%82%98-%EB%B2%A0%EC%8A%A4%ED%8A%B8-%EC%88%98%EC%83%81-%EA%B5%AC%EB%AA%85-%EC%A1%B0%EB%81%BC-qm94qszho8p9/?in=%EB%8C%80%EC%B9%98%EB%8F%99-6032
스포츠/레저,웨이크보드 로닉스 다크사이드 139.5사이즈 엣지백 포함,"220,000원",끌올 5시간 전,판매중,https://www.daangn.com/kr/buy-sell/%EC%9B%A8%EC%9D%B4%ED%81%AC%EB%B3%B4%EB%93%9C-%EB%A1%9C%EB%8B%89%EC%8A%A4-%EB%8B%A4%ED%81%AC%EC%82%AC%EC%9D%B4%EB%93%9C-139-5%EC%82%AC%EC%9D%B4%EC%A6%88-%EC%97%A3%EC%A7%80%EB%B0%B1-%ED%8F%AC%ED%95%A8-djazd63s9ejv/?in=%EB%8C%80%EC%B9%98%EB%8F%99-6032
스포츠/레저,마크앤로나 골프 여성95호 기능성 쿨 냉감 메쉬티셔츠,"120,000원",6시간 전,판매중,https://www.daangn.com/kr/buy-sell/%EB%A7%88%ED%81%AC%EC%95%A4%EB%A1%9C%EB%82%98-%EA%B3%A8%ED%94%84-%EC%97%AC%EC%84%B195%ED%98%B8-%EA%B8%B0%EB%8A%A5%EC%84%B1-%EC%BF%A8-%EB%83%89%EA%B0%90-%EB%A9%94%EC%89%AC%ED%8B%B0%EC%85%94%EC%B8%A0-s3hw9wjog1n9/?in=%EB%8C%80%EC%B9%98%EB%8F%99-6032
스포츠/레저,접이식자전거팝니다,"150,000원",6시간 전,판매중,https://www.daangn.com/kr/buy-sell/%EC%A0%91%EC%9D%B4%EC%8B%9D%EC%9E%90%EC%A0%84%EA%B1%B0%ED%8C%9D%EB%8B%88%EB%8B%A4-ebynin7jdspr/?in=%EB%8C%80%EC%B9%98%EB%8F%99-6032
스포츠/레저,피트니스 리저브 헬스장 양도,35원,6시간 전,예약중,https://www.daangn.com/kr/buy-sell/%ED%94%BC%ED%8A%B8%EB%8B%88%EC%8A%A4-%EB%A6%AC%EC%A0%80%EB%B8%8C-%ED%97%AC%EC%8A%A4%EC%9E%A5-%EC%96%91%EB%8F%84-toq7pmo1cwai/?in=%EB%8C%80%EC%B9%98%EB%8F%99-6032
스포츠/레저,Naturehike 캠핑 의자 새상품,"70,000원",끌올 6시간 전,판매중,https://www.daangn.com/kr/buy-sell/naturehike-%EC%BA%A0%ED%95%91-%EC%9D%98%EC%9E%90-%EC%83%88%EC%83%81%ED%92%88-2nr3tbqspgza/?in=%EB%8C%80%EC%B9%98%EB%8F%99-6032
스포츠/레저,나이키 머큐리얼 축구화 275,"20,000원",끌올 7시간 전,판매중,https://www.daangn.com/kr/buy-sell/%EB%82%98%EC%9D%B4%ED%82%A4-%EB%A8%B8%ED%81%90%EB%A6%AC%EC%96%BC-%EC%B6%95%EA%B5%AC%ED%99%94-275-wskoj4obz19b/?in=%EB%8C%80%EC%B9%98%EB%8F%99-6032
스포츠/레저,아이맥스125 스쿠터 25년식,"1,800,000원",7시간 전,판매중,https://www.daangn.com/kr/buy-sell/%EC%95%84%EC%9D%B4%EB%A7%A5%EC%8A%A4125-%EC%8A%A4%EC%BF%A0%ED%84%B0-25%EB%85%84%EC%8B%9D-dgdqnnaad6uv/?in=%EB%8C%80%EC%B9%98%EB%8F%99-6032
스포츠/레저,핑크색 아동용 자전거,"10,000원",끌올 7시간 전,판매중,https://www.daangn.com/kr/buy-sell/%ED%95%91%ED%81%AC%EC%83%89-%EC%95%84%EB%8F%99%EC%9A%A9-%EC%9E%90%EC%A0%84%EA%B1%B0-q29ipa3oaeih/?in=%EB%8C%80%EC%B9%98%EB%8F%99-6032
스포츠/레저,Pxg 골프 xxs사이즈 63호 쿨 냉감 여름바지,"80,000원",7시간 전,판매중,https://www.daangn.com/kr/buy-sell/pxg-%EA%B3%A8%ED%94%84-xxs%EC%82%AC%EC%9D%B4%EC%A6%88-63%ED%98%B8-%EC%BF%A8-%EB%83%89%EA%B0%90-%EC%97%AC%EB%A6%84%EB%B0%94%EC%A7%80-4m995hsoxnwd/?in=%EB%8C%80%EC%B9%98%EB%8F%99-6032
스포츠/레저,PXG 0311 웨지 KBS TOUR 등 기타 웨지,"30,000원",7시간 전,판매중,https://www.daangn.com/kr/buy-sell/pxg-0311-%EC%9B%A8%EC%A7%80-kbs-tour-%EB%93%B1-%EA%B8%B0%ED%83%80-%EC%9B%A8%EC%A7%80-mjc1g5qo3jqf/?in=%EB%8C%80%EC%B9%98%EB%8F%99-6032
스포츠/레저,다이나믹 골드 투어이슈 X100 샤프트,"230,000원",7시간 전,판매중,https://www.daangn.com/kr/buy-sell/%EB%8B%A4%EC%9D%B4%EB%82%98%EB%AF%B9-%EA%B3%A8%EB%93%9C-%ED%88%AC%EC%96%B4%EC%9D%B4%EC%8A%88-x100-%EC%83%A4%ED%94%84%ED%8A%B8-nhehw8cn14gs/?in=%EB%8C%80%EC%B9%98%EB%8F%99-6032
스포츠/레저,PRGR 혼다 골프 캐디백 화이트,"100,000원",끌올 7시간 전,판매중,https://www.daangn.com/kr/buy-sell/prgr-%ED%98%BC%EB%8B%A4-%EA%B3%A8%ED%94%84-%EC%BA%90%EB%94%94%EB%B0%B1-%ED%99%94%EC%9D%B4%ED%8A%B8-jfitzeuroek9/?in=%EB%8C%80%EC%B9%98%EB%8F%99-6032
스포츠/레저,노티드 슈가베어 골프공+볼마커 (배송지 입력 가능),"30,000원",7시간 전,판매중,https://www.daangn.com/kr/buy-sell/%EB%85%B8%ED%8B%B0%EB%93%9C-%EC%8A%88%EA%B0%80%EB%B2%A0%EC%96%B4-%EA%B3%A8%ED%94%84%EA%B3%B5-%EB%B3%BC%EB%A7%88%EC%BB%A4-%EB%B0%B0%EC%86%A1%EC%A7%80-%EC%9E%85%EB%A0%A5-%EA%B0%80%EB%8A%A5-7zkwvjed39re/?in=%EB%8C%80%EC%B9%98%EB%8F%99-6032
스포츠/레저,Pxg골프 여성xs사이즈 쿨 냉감치마,"65,000원",7시간 전,판매완료,https://www.daangn.com/kr/buy-sell/pxg%EA%B3%A8%ED%94%84-%EC%97%AC%EC%84%B1xs%EC%82%AC%EC%9D%B4%EC%A6%88-%EC%BF%A8-%EB%83%89%EA%B0%90%EC%B9%98%EB%A7%88-igka91aqbc6f/?in=%EB%8C%80%EC%B9%98%EB%8F%99-6032
스포츠/레저,아디다스 숏 타이즈 하프 레깅스 여성 95,"19,000원",8시간 전,판매중,https://www.daangn.com/kr/buy-sell/%EC%95%84%EB%94%94%EB%8B%A4%EC%8A%A4-%EC%88%8F-%ED%83%80%EC%9D%B4%EC%A6%88-%ED%95%98%ED%94%84-%EB%A0%88%EA%B9%85%EC%8A%A4-%EC%97%AC%EC%84%B1-95-1i76wjhgqync/?in=%EB%8C%80%EC%B9%98%EB%8F%99-6032
스포츠/레저,뉴발란스996 230사이즈 골프화 팝니다,"70,000원",끌올 8시간 전,판매중,https://www.daangn.com/kr/buy-sell/%EB%89%B4%EB%B0%9C%EB%9E%80%EC%8A%A4996-230%EC%82%AC%EC%9D%B4%EC%A6%88-%EA%B3%A8%ED%94%84%ED%99%94-%ED%8C%9D%EB%8B%88%EB%8B%A4-szr7k6jjojko/?in=%EB%8C%80%EC%B9%98%EB%8F%99-6032
스포츠/레저,투어스테이지viq 드라이버 팝니다,"110,000원",끌올 8시간 전,판매중,https://www.daangn.com/kr/buy-sell/%ED%88%AC%EC%96%B4%EC%8A%A4%ED%85%8C%EC%9D%B4%EC%A7%80viq-%EB%93%9C%EB%9D%BC%EC%9D%B4%EB%B2%84-%ED%8C%9D%EB%8B%88%EB%8B%A4-je6wupimxcnp/?in=%EB%8C%80%EC%B9%98%EB%8F%99-6032
스포츠/레저,여자 올양피 골프장갑 왼손18호 팝니다,"5,000원",끌올 8시간 전,판매중,https://www.daangn.com/kr/buy-sell/%EC%97%AC%EC%9E%90-%EC%98%AC%EC%96%91%ED%94%BC-%EA%B3%A8%ED%94%84%EC%9E%A5%EA%B0%91-%EC%99%BC%EC%86%9018%ED%98%B8-%ED%8C%9D%EB%8B%88%EB%8B%A4-os77nzfpvzko/?in=%EB%8C%80%EC%B9%98%EB%8F%99-6032
스포츠/레저,벤제프 골프 2023년 냉감 여름바지 남성87호 허리33사이즈,"35,000원",8시간 전,판매중,https://www.daangn.com/kr/buy-sell/%EB%B2%A4%EC%A0%9C%ED%94%84-%EA%B3%A8%ED%94%84-2023%EB%85%84-%EB%83%89%EA%B0%90-%EC%97%AC%EB%A6%84%EB%B0%94%EC%A7%80-%EB%82%A8%EC%84%B187%ED%98%B8-%ED%97%88%EB%A6%AC33%EC%82%AC%EC%9D%B4%EC%A6%88-2s67sk94ozu9/?in=%EB%8C%80%EC%B9%98%EB%8F%99-6032
스포츠/레저,빅텐 코펠 세트 5~6인용,"18,000원",끌올 8시간 전,판매중,https://www.daangn.com/kr/buy-sell/%EB%B9%85%ED%85%90-%EC%BD%94%ED%8E%A0-%EC%84%B8%ED%8A%B8-5-6%EC%9D%B8%EC%9A%A9-kqca4tbxfw4n/?in=%EB%8C%80%EC%B9%98%EB%8F%99-6032
스포츠/레저,아디다스 공용 기능성 러닝 반팔 95~100,"10,000원",8시간 전,판매중,https://www.daangn.com/kr/buy-sell/%EC%95%84%EB%94%94%EB%8B%A4%EC%8A%A4-%EA%B3%B5%EC%9A%A9-%EA%B8%B0%EB%8A%A5%EC%84%B1-%EB%9F%AC%EB%8B%9D-%EB%B0%98%ED%8C%94-95-100-xm77ehretbd7/?in=%EB%8C%80%EC%B9%98%EB%8F%99-6032
스포츠/레저,나이키 농구/러닝 반팔 티셔츠 95 M,"10,000원",8시간 전,판매중,https://www.daangn.com/kr/buy-sell/%EB%82%98%EC%9D%B4%ED%82%A4-%EB%86%8D%EA%B5%AC-%EB%9F%AC%EB%8B%9D-%EB%B0%98%ED%8C%94-%ED%8B%B0%EC%85%94%EC%B8%A0-95-m-njprdn9d6zfn/?in=%EB%8C%80%EC%B9%98%EB%8F%99-6032
스포츠/레저,마크앤로나 큐롯 골프스커트,"50,000원",끌올 8시간 전,판매중,https://www.daangn.com/kr/buy-sell/%EB%A7%88%ED%81%AC%EC%95%A4%EB%A1%9C%EB%82%98-%ED%81%90%EB%A1%AF-%EA%B3%A8%ED%94%84%EC%8A%A4%EC%BB%A4%ED%8A%B8-pngj6vzdsucz/?in=%EB%8C%80%EC%B9%98%EB%8F%99-6032
스포츠/레저,COS 폴라리스 조끼 M,"30,000원",끌올 8시간 전,판매중,https://www.daangn.com/kr/buy-sell/cos-%ED%8F%B4%EB%9D%BC%EB%A6%AC%EC%8A%A4-%EC%A1%B0%EB%81%BC-m-6dvuagtjksfg/?in=%EB%8C%80%EC%B9%98%EB%8F%99-6032
스포츠/레저,남성 나이키 프로 브리드 숏슬리브 탑 헬스 반팔 95 M,"15,000원",8시간 전,판매중,https://www.daangn.com/kr/buy-sell/%EB%82%A8%EC%84%B1-%EB%82%98%EC%9D%B4%ED%82%A4-%ED%94%84%EB%A1%9C-%EB%B8%8C%EB%A6%AC%EB%93%9C-%EC%88%8F%EC%8A%AC%EB%A6%AC%EB%B8%8C-%ED%83%91-%ED%97%AC%EC%8A%A4-%EB%B0%98%ED%8C%94-95-m-y7siwqv2f1mf/?in=%EB%8C%80%EC%B9%98%EB%8F%99-6032
스포츠/레저,아식스 여성 러닝 요가 필라테스 하프 타이즈 숏 레깅스,"19,000원",8시간 전,판매중,https://www.daangn.com/kr/buy-sell/%EC%95%84%EC%8B%9D%EC%8A%A4-%EC%97%AC%EC%84%B1-%EB%9F%AC%EB%8B%9D-%EC%9A%94%EA%B0%80-%ED%95%84%EB%9D%BC%ED%85%8C%EC%8A%A4-%ED%95%98%ED%94%84-%ED%83%80%EC%9D%B4%EC%A6%88-%EC%88%8F-%EB%A0%88%EA%B9%85%EC%8A%A4-7jw4f56ndcw8/?in=%EB%8C%80%EC%B9%98%EB%8F%99-6032
스포츠/레저,아디다스 기능성 러닝 나시 민소매 100~105,"15,000원",8시간 전,판매중,https://www.daangn.com/kr/buy-sell/%EC%95%84%EB%94%94%EB%8B%A4%EC%8A%A4-%EA%B8%B0%EB%8A%A5%EC%84%B1-%EB%9F%AC%EB%8B%9D-%EB%82%98%EC%8B%9C-%EB%AF%BC%EC%86%8C%EB%A7%A4-100-105-tvngqvc1tdb6/?in=%EB%8C%80%EC%B9%98%EB%8F%99-6032
스포츠/레저,아디다스 오운더런 에어로레디 러닝 싱글렛 100 L,"20,000원",8시간 전,판매중,https://www.daangn.com/kr/buy-sell/%EC%95%84%EB%94%94%EB%8B%A4%EC%8A%A4-%EC%98%A4%EC%9A%B4%EB%8D%94%EB%9F%B0-%EC%97%90%EC%96%B4%EB%A1%9C%EB%A0%88%EB%94%94-%EB%9F%AC%EB%8B%9D-%EC%8B%B1%EA%B8%80%EB%A0%9B-100-l-tvximb7tmm7u/?in=%EB%8C%80%EC%B9%98%EB%8F%99-6032
스포츠/레저,나이키 드라이핏 ADV 에어로스위프트 레이싱 싱글렛 M,"59,000원",8시간 전,판매중,https://www.daangn.com/kr/buy-sell/%EB%82%98%EC%9D%B4%ED%82%A4-%EB%93%9C%EB%9D%BC%EC%9D%B4%ED%95%8F-adv-%EC%97%90%EC%96%B4%EB%A1%9C%EC%8A%A4%EC%9C%84%ED%94%84%ED%8A%B8-%EB%A0%88%EC%9D%B4%EC%8B%B1-%EC%8B%B1%EA%B8%80%EB%A0%9B-m-q41xvvhbympj/?in=%EB%8C%80%EC%B9%98%EB%8F%99-6032
스포츠/레저,<미사용 새재품> PXG 모자,"80,000원",끌올 8시간 전,판매중,https://www.daangn.com/kr/buy-sell/%EB%AF%B8%EC%82%AC%EC%9A%A9-%EC%83%88%EC%9E%AC%ED%92%88-pxg-%EB%AA%A8%EC%9E%90-ore5qifzy3nc/?in=%EB%8C%80%EC%B9%98%EB%8F%99-6032
스포츠/레저,<미사용 새재품>포르쉐 화이트 보스턴백,"100,000원",끌올 8시간 전,판매중,https://www.daangn.com/kr/buy-sell/%EB%AF%B8%EC%82%AC%EC%9A%A9-%EC%83%88%EC%9E%AC%ED%92%88-%ED%8F%AC%EB%A5%B4%EC%89%90-%ED%99%94%EC%9D%B4%ED%8A%B8-%EB%B3%B4%EC%8A%A4%ED%84%B4%EB%B0%B1-81sv62i7nmg5/?in=%EB%8C%80%EC%B9%98%EB%8F%99-6032
스포츠/레저,<미사용 새재품> 포르쉐 경량 골프 스탠드백,"380,000원",끌올 8시간 전,판매중,https://www.daangn.com/kr/buy-sell/%EB%AF%B8%EC%82%AC%EC%9A%A9-%EC%83%88%EC%9E%AC%ED%92%88-%ED%8F%AC%EB%A5%B4%EC%89%90-%EA%B2%BD%EB%9F%89-%EA%B3%A8%ED%94%84-%EC%8A%A4%ED%83%A0%EB%93%9C%EB%B0%B1-v2256hprnm3o/?in=%EB%8C%80%EC%B9%98%EB%8F%99-6032
스포츠/레저,마루망 마제스티 5번 우드,"170,000원",끌올 8시간 전,판매중,https://www.daangn.com/kr/buy-sell/%EB%A7%88%EB%A3%A8%EB%A7%9D-%EB%A7%88%EC%A0%9C%EC%8A%A4%ED%8B%B0-5%EB%B2%88-%EC%9A%B0%EB%93%9C-iqr3z2zza54e/?in=%EB%8C%80%EC%B9%98%EB%8F%99-6032
스포츠/레저,마루망 마제스티 9번 우드,"150,000원",끌올 8시간 전,예약중,https://www.daangn.com/kr/buy-sell/%EB%A7%88%EB%A3%A8%EB%A7%9D-%EB%A7%88%EC%A0%9C%EC%8A%A4%ED%8B%B0-9%EB%B2%88-%EC%9A%B0%EB%93%9C-hq76ikkjoqs2/?in=%EB%8C%80%EC%B9%98%EB%8F%99-6032
스포츠/레저,마제스티 로얄 드라이버 8.5도,"190,000원",끌올 8시간 전,판매중,https://www.daangn.com/kr/buy-sell/%EB%A7%88%EC%A0%9C%EC%8A%A4%ED%8B%B0-%EB%A1%9C%EC%96%84-%EB%93%9C%EB%9D%BC%EC%9D%B4%EB%B2%84-8-5%EB%8F%84-y3vghmxdcxci/?in=%EB%8C%80%EC%B9%98%EB%8F%99-6032
스포츠/레저,XXIO H4 하이브리드 골프채,"90,000원",끌올 8시간 전,판매중,https://www.daangn.com/kr/buy-sell/xxio-h4-%ED%95%98%EC%9D%B4%EB%B8%8C%EB%A6%AC%EB%93%9C-%EA%B3%A8%ED%94%84%EC%B1%84-fwck75ik4r9s/?in=%EB%8C%80%EC%B9%98%EB%8F%99-6032
스포츠/레저,말본캔버스백,"90,000원",끌올 8시간 전,판매중,https://www.daangn.com/kr/buy-sell/%EB%A7%90%EB%B3%B8%EC%BA%94%EB%B2%84%EC%8A%A4%EB%B0%B1-7mmkp8gpxuq7/?in=%EB%8C%80%EC%B9%98%EB%8F%99-6032
스포츠/레저,타이틀리스트 718 AP1 아이언세트,"510,000원",끌올 9시간 전,판매중,https://www.daangn.com/kr/buy-sell/%ED%83%80%EC%9D%B4%ED%8B%80%EB%A6%AC%EC%8A%A4%ED%8A%B8-718-ap1-%EC%95%84%EC%9D%B4%EC%96%B8%EC%84%B8%ED%8A%B8-kkxj3teppvi9/?in=%EB%8C%80%EC%B9%98%EB%8F%99-6032
스포츠/레저,나이키 보메로 17 씨글래스 새상품,"150,000원",끌올 9시간 전,판매중,https://www.daangn.com/kr/buy-sell/%EB%82%98%EC%9D%B4%ED%82%A4-%EB%B3%B4%EB%A9%94%EB%A1%9C-17-%EC%94%A8%EA%B8%80%EB%9E%98%EC%8A%A4-%EC%83%88%EC%83%81%ED%92%88-4vkxyaa9c36g/?in=%EB%8C%80%EC%B9%98%EB%8F%99-6032
스포츠/레저,새상품) 키모니 스포츠 헤어밴드(2개),"4,000원",끌올 9시간 전,판매중,https://www.daangn.com/kr/buy-sell/%EC%83%88%EC%83%81%ED%92%88-%ED%82%A4%EB%AA%A8%EB%8B%88-%EC%8A%A4%ED%8F%AC%EC%B8%A0-%ED%97%A4%EC%96%B4%EB%B0%B4%EB%93%9C-2%EA%B0%9C-xxm42pptceo7/?in=%EB%8C%80%EC%B9%98%EB%8F%99-6032
스포츠/레저,테나야 이아티 클라이밍화 265mm EU 41 1/2,"140,000원",끌올 9시간 전,판매중,https://www.daangn.com/kr/buy-sell/%ED%85%8C%EB%82%98%EC%95%BC-%EC%9D%B4%EC%95%84%ED%8B%B0-%ED%81%B4%EB%9D%BC%EC%9D%B4%EB%B0%8D%ED%99%94-265mm-eu-41-1-2-v2id8qa7mdd6/?in=%EB%8C%80%EC%B9%98%EB%8F%99-6032
스포츠/레저,아디다스 골프화 BOA(255-260),"30,000원",끌올 9시간 전,판매중,https://www.daangn.com/kr/buy-sell/%EC%95%84%EB%94%94%EB%8B%A4%EC%8A%A4-%EA%B3%A8%ED%94%84%ED%99%94-boa-255-260-33wdvijan71c/?in=%EB%8C%80%EC%B9%98%EB%8F%99-6032
스포츠/레저,제로그램 레깅스,"10,000원",끌올 9시간 전,판매중,https://www.daangn.com/kr/buy-sell/%EC%A0%9C%EB%A1%9C%EA%B7%B8%EB%9E%A8-%EB%A0%88%EA%B9%85%EC%8A%A4-f5pfgdraa2vh/?in=%EB%8C%80%EC%B9%98%EB%8F%99-6032
스포츠/레저,테일러메이드 SIM MAX 드라이버,"190,000원",끌올 9시간 전,판매중,https://www.daangn.com/kr/buy-sell/%ED%85%8C%EC%9D%BC%EB%9F%AC%EB%A9%94%EC%9D%B4%EB%93%9C-sim-max-%EB%93%9C%EB%9D%BC%EC%9D%B4%EB%B2%84-396w6kwfycjr/?in=%EB%8C%80%EC%B9%98%EB%8F%99-6032
스포츠/레저,젝시믹스 남자 러닝 헬스 타이즈 M 레깅스,"15,000원",9시간 전,판매중,https://www.daangn.com/kr/buy-sell/%EC%A0%9D%EC%8B%9C%EB%AF%B9%EC%8A%A4-%EB%82%A8%EC%9E%90-%EB%9F%AC%EB%8B%9D-%ED%97%AC%EC%8A%A4-%ED%83%80%EC%9D%B4%EC%A6%88-m-%EB%A0%88%EA%B9%85%EC%8A%A4-3ih32bo649ta/?in=%EB%8C%80%EC%B9%98%EB%8F%99-6032
스포츠/레저,마스터바니 골프 남성105사이즈 쿨지짐이티셔츠,"55,000원",9시간 전,판매중,https://www.daangn.com/kr/buy-sell/%EB%A7%88%EC%8A%A4%ED%84%B0%EB%B0%94%EB%8B%88-%EA%B3%A8%ED%94%84-%EB%82%A8%EC%84%B1105%EC%82%AC%EC%9D%B4%EC%A6%88-%EC%BF%A8%EC%A7%80%EC%A7%90%EC%9D%B4%ED%8B%B0%EC%85%94%EC%B8%A0-stqsoy3v1yxw/?in=%EB%8C%80%EC%B9%98%EB%8F%99-6032
스포츠/레저,LAB GOLF MEZZ.1 MAX 암락 퍼터,"1,050,000원",9시간 전,판매중,https://www.daangn.com/kr/buy-sell/lab-golf-mezz-1-max-%EC%95%94%EB%9D%BD-%ED%8D%BC%ED%84%B0-a5nrh474dax7/?in=%EB%8C%80%EC%B9%98%EB%8F%99-6032
스포츠/레저,퀄리 엑스트론 슬림 자토바이 전기자전거,"1,590,000원",끌올 9시간 전,판매중,https://www.daangn.com/kr/buy-sell/%ED%80%84%EB%A6%AC-%EC%97%91%EC%8A%A4%ED%8A%B8%EB%A1%A0-%EC%8A%AC%EB%A6%BC-%EC%9E%90%ED%86%A0%EB%B0%94%EC%9D%B4-%EC%A0%84%EA%B8%B0%EC%9E%90%EC%A0%84%EA%B1%B0-fi6yarbteidp/?in=%EB%8C%80%EC%B9%98%EB%8F%99-6032
스포츠/레저,조디아 TLX-M1 아이언(4-P) 프로젝트X io 6.0,"2,100,000원",끌올 9시간 전,판매중,https://www.daangn.com/kr/buy-sell/%EC%A1%B0%EB%94%94%EC%95%84-tlx-m1-%EC%95%84%EC%9D%B4%EC%96%B8-4-p-%ED%94%84%EB%A1%9C%EC%A0%9D%ED%8A%B8x-io-6-0-qhaj1i68namd/?in=%EB%8C%80%EC%B9%98%EB%8F%99-6032
스포츠/레저,새상품 아레나 남아 비치 워터 레깅스 90 블랙,"18,000원",끌올 9시간 전,판매중,https://www.daangn.com/kr/buy-sell/%EC%83%88%EC%83%81%ED%92%88-%EC%95%84%EB%A0%88%EB%82%98-%EB%82%A8%EC%95%84-%EB%B9%84%EC%B9%98-%EC%9B%8C%ED%84%B0-%EB%A0%88%EA%B9%85%EC%8A%A4-90-%EB%B8%94%EB%9E%99-piie3sbg8hx9/?in=%EB%8C%80%EC%B9%98%EB%8F%99-6032
스포츠/레저,민트급)나이키ACG 패커블 가방,"51,000원",끌올 9시간 전,판매중,https://www.daangn.com/kr/buy-sell/%EB%AF%BC%ED%8A%B8%EA%B8%89-%EB%82%98%EC%9D%B4%ED%82%A4acg-%ED%8C%A8%EC%BB%A4%EB%B8%94-%EA%B0%80%EB%B0%A9-bdc857sut4sq/?in=%EB%8C%80%EC%B9%98%EB%8F%99-6032
스포츠/레저,아이스하키 장비) CCM 하키스틱,"110,000원",9시간 전,판매중,https://www.daangn.com/kr/buy-sell/%EC%95%84%EC%9D%B4%EC%8A%A4%ED%95%98%ED%82%A4-%EC%9E%A5%EB%B9%84-ccm-%ED%95%98%ED%82%A4%EC%8A%A4%ED%8B%B1-ev6rfy9fwkon/?in=%EB%8C%80%EC%B9%98%EB%8F%99-6032
스포츠/레저,아이스하키 장비) CCM 헬멧,"200,000원",9시간 전,판매중,https://www.daangn.com/kr/buy-sell/%EC%95%84%EC%9D%B4%EC%8A%A4%ED%95%98%ED%82%A4-%EC%9E%A5%EB%B9%84-ccm-%ED%97%AC%EB%A9%A7-et4aaem2qbo3/?in=%EB%8C%80%EC%B9%98%EB%8F%99-6032
스포츠/레저,아이스하키 장비) CCM 하의,"100,000원",9시간 전,판매중,https://www.daangn.com/kr/buy-sell/%EC%95%84%EC%9D%B4%EC%8A%A4%ED%95%98%ED%82%A4-%EC%9E%A5%EB%B9%84-ccm-%ED%95%98%EC%9D%98-vxfv3js8dw9y/?in=%EB%8C%80%EC%B9%98%EB%8F%99-6032
스포츠/레저,아이스하키 장비) CCM 팔 보호대,"130,000원",9시간 전,판매중,https://www.daangn.com/kr/buy-sell/%EC%95%84%EC%9D%B4%EC%8A%A4%ED%95%98%ED%82%A4-%EC%9E%A5%EB%B9%84-ccm-%ED%8C%94-%EB%B3%B4%ED%98%B8%EB%8C%80-4g5pkyehtx2j/?in=%EB%8C%80%EC%B9%98%EB%8F%99-6032
스포츠/레저,아이스하키 장비) CCM 무릎보호대,"100,000원",10시간 전,판매중,https://www.daangn.com/kr/buy-sell/%EC%95%84%EC%9D%B4%EC%8A%A4%ED%95%98%ED%82%A4-%EC%9E%A5%EB%B9%84-ccm-%EB%AC%B4%EB%A6%8E%EB%B3%B4%ED%98%B8%EB%8C%80-nr112rty75cw/?in=%EB%8C%80%EC%B9%98%EB%8F%99-6032
스포츠/레저,아이스하키 장비) CCM 상의 보호대,"120,000원",10시간 전,판매중,https://www.daangn.com/kr/buy-sell/%EC%95%84%EC%9D%B4%EC%8A%A4%ED%95%98%ED%82%A4-%EC%9E%A5%EB%B9%84-ccm-%EC%83%81%EC%9D%98-%EB%B3%B4%ED%98%B8%EB%8C%80-7obx6fx8bwg6/?in=%EB%8C%80%EC%B9%98%EB%8F%99-6032
스포츠/레저,아이스하키 장비) CCM 장갑,"70,000원",10시간 전,판매중,https://www.daangn.com/kr/buy-sell/%EC%95%84%EC%9D%B4%EC%8A%A4%ED%95%98%ED%82%A4-%EC%9E%A5%EB%B9%84-ccm-%EC%9E%A5%EA%B0%91-hfpit9n8nfe4/?in=%EB%8C%80%EC%B9%98%EB%8F%99-6032
스포츠/레저,롤링스 프로프리퍼드 외야입디다,"160,000원",끌올 10시간 전,판매중,https://www.daangn.com/kr/buy-sell/%EB%A1%A4%EB%A7%81%EC%8A%A4-%ED%94%84%EB%A1%9C%ED%94%84%EB%A6%AC%ED%8D%BC%EB%93%9C-%EC%99%B8%EC%95%BC%EC%9E%85%EB%94%94%EB%8B%A4-zbetefmm33wx/?in=%EB%8C%80%EC%B9%98%EB%8F%99-6032
스포츠/레저,제트 프로스테이터스 내야입니다,"145,000원",끌올 10시간 전,판매중,https://www.daangn.com/kr/buy-sell/%EC%A0%9C%ED%8A%B8-%ED%94%84%EB%A1%9C%EC%8A%A4%ED%85%8C%EC%9D%B4%ED%84%B0%EC%8A%A4-%EB%82%B4%EC%95%BC%EC%9E%85%EB%8B%88%EB%8B%A4-gb9vtq6nhdjj/?in=%EB%8C%80%EC%B9%98%EB%8F%99-6032
스포츠/레저,아레나 플라워 브라탑 90 새상품,"20,000원",끌올 10시간 전,판매중,https://www.daangn.com/kr/buy-sell/%EC%95%84%EB%A0%88%EB%82%98-%ED%94%8C%EB%9D%BC%EC%9B%8C-%EB%B8%8C%EB%9D%BC%ED%83%91-90-%EC%83%88%EC%83%81%ED%92%88-f8tciw96bazb/?in=%EB%8C%80%EC%B9%98%EB%8F%99-6032
스포츠/레저,바우어 유소년 아이스하키 장비 일괄,"50,000원",10시간 전,예약중,https://www.daangn.com/kr/buy-sell/%EB%B0%94%EC%9A%B0%EC%96%B4-%EC%9C%A0%EC%86%8C%EB%85%84-%EC%95%84%EC%9D%B4%EC%8A%A4%ED%95%98%ED%82%A4-%EC%9E%A5%EB%B9%84-%EC%9D%BC%EA%B4%84-9sw9u6yfguuc/?in=%EB%8C%80%EC%B9%98%EB%8F%99-6032
스포츠/레저,조던 백팩🏀🏀🏀,"33,000원",끌올 10시간 전,판매중,https://www.daangn.com/kr/buy-sell/%EC%A1%B0%EB%8D%98-%EB%B0%B1%ED%8C%A9-a189j8cxwohz/?in=%EB%8C%80%EC%B9%98%EB%8F%99-6032
스포츠/레저,당구 큐대 하드케이스 새상품,"50,000원",끌올 10시간 전,판매중,https://www.daangn.com/kr/buy-sell/%EB%8B%B9%EA%B5%AC-%ED%81%90%EB%8C%80-%ED%95%98%EB%93%9C%EC%BC%80%EC%9D%B4%EC%8A%A4-%EC%83%88%EC%83%81%ED%92%88-3rks8d6steqm/?in=%EB%8C%80%EC%B9%98%EB%8F%99-6032
스포츠/레저,G/FORE 조끼 M사이즈,"175,000원",끌올 10시간 전,판매중,https://www.daangn.com/kr/buy-sell/g-fore-%EC%A1%B0%EB%81%BC-m%EC%82%AC%EC%9D%B4%EC%A6%88-2g1rgh3xitw6/?in=%EB%8C%80%EC%B9%98%EB%8F%99-6032
스포츠/레저,옥셀로 아동 인라인 스케이트,"20,000원",10시간 전,판매중,https://www.daangn.com/kr/buy-sell/%EC%98%A5%EC%85%80%EB%A1%9C-%EC%95%84%EB%8F%99-%EC%9D%B8%EB%9D%BC%EC%9D%B8-%EC%8A%A4%EC%BC%80%EC%9D%B4%ED%8A%B8-pa56fnrmx8qf/?in=%EB%8C%80%EC%B9%98%EB%8F%99-6032
스포츠/레저,ONI 60도 웨지 골프채,"25,000원",끌올 11시간 전,판매중,https://www.daangn.com/kr/buy-sell/oni-60%EB%8F%84-%EC%9B%A8%EC%A7%80-%EA%B3%A8%ED%94%84%EC%B1%84-jhiabq1gp35n/?in=%EB%8C%80%EC%B9%98%EB%8F%99-6032
스포츠/레저,"나이키(알파플라이), 아디다스, 뉴발란스, 젝시믹스 짐색, 신발가방","5,000원",11시간 전,판매중,https://www.daangn.com/kr/buy-sell/%EB%82%98%EC%9D%B4%ED%82%A4-%EC%95%8C%ED%8C%8C%ED%94%8C%EB%9D%BC%EC%9D%B4-%EC%95%84%EB%94%94%EB%8B%A4%EC%8A%A4-%EB%89%B4%EB%B0%9C%EB%9E%80%EC%8A%A4-%EC%A0%9D%EC%8B%9C%EB%AF%B9%EC%8A%A4-%EC%A7%90%EC%83%89-%EC%8B%A0%EB%B0%9C%EA%B0%80%EB%B0%A9-d5m3cjjqfvhi/?in=%EB%8C%80%EC%B9%98%EB%8F%99-6032
스포츠/레저,캘러웨이 Rogue ST 드라이버 (FLEX-6S) 트리플 다이아,"160,000원",끌올 11시간 전,판매중,https://www.daangn.com/kr/buy-sell/%EC%BA%98%EB%9F%AC%EC%9B%A8%EC%9D%B4-rogue-st-%EB%93%9C%EB%9D%BC%EC%9D%B4%EB%B2%84-flex-6s-%ED%8A%B8%EB%A6%AC%ED%94%8C-%EB%8B%A4%EC%9D%B4%EC%95%84-64kobm9kg6rb/?in=%EB%8C%80%EC%B9%98%EB%8F%99-6032
스포츠/레저,이고진 스핀바이크,"114,000원",끌올 11시간 전,판매중,https://www.daangn.com/kr/buy-sell/%EC%9D%B4%EA%B3%A0%EC%A7%84-%EC%8A%A4%ED%95%80%EB%B0%94%EC%9D%B4%ED%81%AC-opb9evn5dswr/?in=%EB%8C%80%EC%B9%98%EB%8F%99-6032
스포츠/레저,"식판, 캠핑용 식판 3개 일괄","9,000원",끌올 11시간 전,판매중,https://www.daangn.com/kr/buy-sell/%EC%8B%9D%ED%8C%90-%EC%BA%A0%ED%95%91%EC%9A%A9-%EC%8B%9D%ED%8C%90-3%EA%B0%9C-%EC%9D%BC%EA%B4%84-ixd7pdeskdcx/?in=%EB%8C%80%EC%B9%98%EB%8F%99-6032
스포츠/레저,스타벅스 2019년 서머백 비치타올,"20,000원",11시간 전,판매중,https://www.daangn.com/kr/buy-sell/%EC%8A%A4%ED%83%80%EB%B2%85%EC%8A%A4-2019%EB%85%84-%EC%84%9C%EB%A8%B8%EB%B0%B1-%EB%B9%84%EC%B9%98%ED%83%80%EC%98%AC-1t44675cp2hw/?in=%EB%8C%80%EC%B9%98%EB%8F%99-6032
스포츠/레저,와이드앵글 골프 냉감티셔츠,"50,000원",끌올 11시간 전,판매중,https://www.daangn.com/kr/buy-sell/%EC%99%80%EC%9D%B4%EB%93%9C%EC%95%B5%EA%B8%80-%EA%B3%A8%ED%94%84-%EB%83%89%EA%B0%90%ED%8B%B0%EC%85%94%EC%B8%A0-ph5pbrutanw2/?in=%EB%8C%80%EC%B9%98%EB%8F%99-6032
스포츠/레저,타이틀리스트 골프 여성 64호바지,"50,000원",끌올 11시간 전,판매중,https://www.daangn.com/kr/buy-sell/%ED%83%80%EC%9D%B4%ED%8B%80%EB%A6%AC%EC%8A%A4%ED%8A%B8-%EA%B3%A8%ED%94%84-%EC%97%AC%EC%84%B1-64%ED%98%B8%EB%B0%94%EC%A7%80-a9myq59364r9/?in=%EB%8C%80%EC%B9%98%EB%8F%99-6032
스포츠/레저,J린드버그 골프 치마67호 라벤다칼라,"50,000원",끌올 11시간 전,판매중,https://www.daangn.com/kr/buy-sell/j%EB%A6%B0%EB%93%9C%EB%B2%84%EA%B7%B8-%EA%B3%A8%ED%94%84-%EC%B9%98%EB%A7%8867%ED%98%B8-%EB%9D%BC%EB%B2%A4%EB%8B%A4%EC%B9%BC%EB%9D%BC-uuxk76euughy/?in=%EB%8C%80%EC%B9%98%EB%8F%99-6032
스포츠/레저,마크앤로나골프 여성 90호 티셔츠,"89,000원",끌올 11시간 전,판매중,https://www.daangn.com/kr/buy-sell/%EB%A7%88%ED%81%AC%EC%95%A4%EB%A1%9C%EB%82%98%EA%B3%A8%ED%94%84-%EC%97%AC%EC%84%B1-90%ED%98%B8-%ED%8B%B0%EC%85%94%EC%B8%A0-dduqramfnnd9/?in=%EB%8C%80%EC%B9%98%EB%8F%99-6032
스포츠/레저,마제스티 프라임 셔틀 11.5 여성 드라이버,"780,000원",11시간 전,판매중,https://www.daangn.com/kr/buy-sell/%EB%A7%88%EC%A0%9C%EC%8A%A4%ED%8B%B0-%ED%94%84%EB%9D%BC%EC%9E%84-%EC%85%94%ED%8B%80-11-5-%EC%97%AC%EC%84%B1-%EB%93%9C%EB%9D%BC%EC%9D%B4%EB%B2%84-g7a82tf5t3yb/?in=%EB%8C%80%EC%B9%98%EB%8F%99-6032
스포츠/레저,나이키 덩크 로우 240,"78,000원",끌올 11시간 전,판매중,https://www.daangn.com/kr/buy-sell/%EB%82%98%EC%9D%B4%ED%82%A4-%EB%8D%A9%ED%81%AC-%EB%A1%9C%EC%9A%B0-240-uds39wdkw757/?in=%EB%8C%80%EC%B9%98%EB%8F%99-6032
스포츠/레저,Tour AD DI-5S 3번 우드 샤프트,"90,000원",끌올 11시간 전,판매중,https://www.daangn.com/kr/buy-sell/tour-ad-di-5s-3%EB%B2%88-%EC%9A%B0%EB%93%9C-%EC%83%A4%ED%94%84%ED%8A%B8-gz9hfhivevxf/?in=%EB%8C%80%EC%B9%98%EB%8F%99-6032
스포츠/레저,테일러메이드 P790 아이언세트(벤츠 블랙에디션 새상품),"1,250,000원",끌올 11시간 전,판매중,https://www.daangn.com/kr/buy-sell/%ED%85%8C%EC%9D%BC%EB%9F%AC%EB%A9%94%EC%9D%B4%EB%93%9C-p790-%EC%95%84%EC%9D%B4%EC%96%B8%EC%84%B8%ED%8A%B8-%EB%B2%A4%EC%B8%A0-%EB%B8%94%EB%9E%99%EC%97%90%EB%94%94%EC%85%98-%EC%83%88%EC%83%81%ED%92%88-rsegy4gdstz5/?in=%EB%8C%80%EC%B9%98%EB%8F%99-6032
스포츠/레저,[새상품] IAB STUDIO Hoodie Dual Gray 후드티 판매합니다,"184,000원",끌올 11시간 전,판매중,https://www.daangn.com/kr/buy-sell/%EC%83%88%EC%83%81%ED%92%88-iab-studio-hoodie-dual-gray-%ED%9B%84%EB%93%9C%ED%8B%B0-%ED%8C%90%EB%A7%A4%ED%95%A9%EB%8B%88%EB%8B%A4-8hqyta9kf5zs/?in=%EB%8C%80%EC%B9%98%EB%8F%99-6032
스포츠/레저,마이크로 스쿠터 스피드 킥보드,"100,000원",끌올 11시간 전,판매중,https://www.daangn.com/kr/buy-sell/%EB%A7%88%EC%9D%B4%ED%81%AC%EB%A1%9C-%EC%8A%A4%EC%BF%A0%ED%84%B0-%EC%8A%A4%ED%94%BC%EB%93%9C-%ED%82%A5%EB%B3%B4%EB%93%9C-tqjtacok2q64/?in=%EB%8C%80%EC%B9%98%EB%8F%99-6032
스포츠/레저,엔진톱 12인치 신형 25cc,"160,000원",끌올 12시간 전,판매중,https://www.daangn.com/kr/buy-sell/%EC%97%94%EC%A7%84%ED%86%B1-12%EC%9D%B8%EC%B9%98-%EC%8B%A0%ED%98%95-25cc-nyozmty1o5fo/?in=%EB%8C%80%EC%B9%98%EB%8F%99-6032
스포츠/레저,클리브랜드 HB 소프트 프리미어 8번 34,"85,000원",끌올 12시간 전,판매중,https://www.daangn.com/kr/buy-sell/%ED%81%B4%EB%A6%AC%EB%B8%8C%EB%9E%9C%EB%93%9C-hb-%EC%86%8C%ED%94%84%ED%8A%B8-%ED%94%84%EB%A6%AC%EB%AF%B8%EC%96%B4-8%EB%B2%88-34-tnp8kqu86g3p/?in=%EB%8C%80%EC%B9%98%EB%8F%99-6032
스포츠/레저,핑 G400 3번 우드 (투어크롬 65R 특주),"175,000원",끌올 12시간 전,판매중,https://www.daangn.com/kr/buy-sell/%ED%95%91-g400-3%EB%B2%88-%EC%9A%B0%EB%93%9C-%ED%88%AC%EC%96%B4%ED%81%AC%EB%A1%AC-65r-%ED%8A%B9%EC%A3%BC-xutbnqkp9qun/?in=%EB%8C%80%EC%B9%98%EB%8F%99-6032
스포츠/레저,[새상품] PXG 뉴에라 버킷햇 블랙,"43,000원",끌올 12시간 전,판매중,https://www.daangn.com/kr/buy-sell/%EC%83%88%EC%83%81%ED%92%88-pxg-%EB%89%B4%EC%97%90%EB%9D%BC-%EB%B2%84%ED%82%B7%ED%96%87-%EB%B8%94%EB%9E%99-bf7kgbkj2614/?in=%EB%8C%80%EC%B9%98%EB%8F%99-6032
스포츠/레저,뉴 다이나믹골드 105 S300 (S200과 동일) 샤프트,"205,000원",끌올 12시간 전,판매중,https://www.daangn.com/kr/buy-sell/%EB%89%B4-%EB%8B%A4%EC%9D%B4%EB%82%98%EB%AF%B9%EA%B3%A8%EB%93%9C-105-s300-s200%EA%B3%BC-%EB%8F%99%EC%9D%BC-%EC%83%A4%ED%94%84%ED%8A%B8-3hgxczcfzenh/?in=%EB%8C%80%EC%B9%98%EB%8F%99-6032
스포츠/레저,"새상품 치약 칫솔 세트, 6세트","1,000원",끌올 12시간 전,판매중,https://www.daangn.com/kr/buy-sell/%EC%83%88%EC%83%81%ED%92%88-%EC%B9%98%EC%95%BD-%EC%B9%AB%EC%86%94-%EC%84%B8%ED%8A%B8-6%EC%84%B8%ED%8A%B8-o1udb15bosqh/?in=%EB%8C%80%EC%B9%98%EB%8F%99-6032
스포츠/레저,[새상품] 몽벨 버서라이트 등산가방,"63,000원",끌올 12시간 전,판매중,https://www.daangn.com/kr/buy-sell/%EC%83%88%EC%83%81%ED%92%88-%EB%AA%BD%EB%B2%A8-%EB%B2%84%EC%84%9C%EB%9D%BC%EC%9D%B4%ED%8A%B8-%EB%93%B1%EC%82%B0%EA%B0%80%EB%B0%A9-7y2d7nw4gxev/?in=%EB%8C%80%EC%B9%98%EB%8F%99-6032
스포츠/레저,말본 핑크 버킷햇 쿨맥스,"70,000원",끌올 12시간 전,판매중,https://www.daangn.com/kr/buy-sell/%EB%A7%90%EB%B3%B8-%ED%95%91%ED%81%AC-%EB%B2%84%ED%82%B7%ED%96%87-%EC%BF%A8%EB%A7%A5%EC%8A%A4-fm1r5y4cin1s/?in=%EB%8C%80%EC%B9%98%EB%8F%99-6032
스포츠/레저,마스터버니 23년 치마 1호,"90,000원",끌올 12시간 전,판매중,https://www.daangn.com/kr/buy-sell/%EB%A7%88%EC%8A%A4%ED%84%B0%EB%B2%84%EB%8B%88-23%EB%85%84-%EC%B9%98%EB%A7%88-1%ED%98%B8-kt522ncjyhik/?in=%EB%8C%80%EC%B9%98%EB%8F%99-6032
스포츠/레저,브레미 치마 니트 55사이즈,"80,000원",끌올 12시간 전,판매중,https://www.daangn.com/kr/buy-sell/%EB%B8%8C%EB%A0%88%EB%AF%B8-%EC%B9%98%EB%A7%88-%EB%8B%88%ED%8A%B8-55%EC%82%AC%EC%9D%B4%EC%A6%88-44pmbdszwrx9/?in=%EB%8C%80%EC%B9%98%EB%8F%99-6032
스포츠/레저,크리브 나인 니트 치마 s사이즈,"190,000원",끌올 12시간 전,판매중,https://www.daangn.com/kr/buy-sell/%ED%81%AC%EB%A6%AC%EB%B8%8C-%EB%82%98%EC%9D%B8-%EB%8B%88%ED%8A%B8-%EC%B9%98%EB%A7%88-s%EC%82%AC%EC%9D%B4%EC%A6%88-5rez5ioffpb1/?in=%EB%8C%80%EC%B9%98%EB%8F%99-6032
스포츠/레저,OZ텐트 폭스윙 270 어닝과 익스텐션 월 3장,"450,000원",끌올 13시간 전,판매중,https://www.daangn.com/kr/buy-sell/oz%ED%85%90%ED%8A%B8-%ED%8F%AD%EC%8A%A4%EC%9C%99-270-%EC%96%B4%EB%8B%9D%EA%B3%BC-%EC%9D%B5%EC%8A%A4%ED%85%90%EC%85%98-%EC%9B%94-3%EC%9E%A5-8e4xv9jveh8m/?in=%EB%8C%80%EC%B9%98%EB%8F%99-6032
스포츠/레저,새상품 헤지스 수건 타월 2매 세트,"20,000원",끌올 13시간 전,판매중,https://www.daangn.com/kr/buy-sell/%EC%83%88%EC%83%81%ED%92%88-%ED%97%A4%EC%A7%80%EC%8A%A4-%EC%88%98%EA%B1%B4-%ED%83%80%EC%9B%94-2%EB%A7%A4-%EC%84%B8%ED%8A%B8-jh75pckuahw7/?in=%EB%8C%80%EC%B9%98%EB%8F%99-6032
스포츠/레저,보이스캐디 T12 Pro 새상품,"410,000원",13시간 전,판매중,https://www.daangn.com/kr/buy-sell/%EB%B3%B4%EC%9D%B4%EC%8A%A4%EC%BA%90%EB%94%94-t12-pro-%EC%83%88%EC%83%81%ED%92%88-miw7dfcjp4xr/?in=%EB%8C%80%EC%B9%98%EB%8F%99-6032
스포츠/레저,핑 골프웨어 (100),"25,000원",끌올 13시간 전,판매중,https://www.daangn.com/kr/buy-sell/%ED%95%91-%EA%B3%A8%ED%94%84%EC%9B%A8%EC%96%B4-100-wpbrkfwq3zcv/?in=%EB%8C%80%EC%B9%98%EB%8F%99-6032
스포츠/레저,콜롬비아 바람막이 (L),"30,000원",끌올 13시간 전,판매중,https://www.daangn.com/kr/buy-sell/%EC%BD%9C%EB%A1%AC%EB%B9%84%EC%95%84-%EB%B0%94%EB%9E%8C%EB%A7%89%EC%9D%B4-l-zdcctkiotwqi/?in=%EB%8C%80%EC%B9%98%EB%8F%99-6032
스포츠/레저,PXG골프모자,9원,13시간 전,판매완료,https://www.daangn.com/kr/buy-sell/pxg%EA%B3%A8%ED%94%84%EB%AA%A8%EC%9E%90-8x385en8o8xk/?in=%EB%8C%80%EC%B9%98%EB%8F%99-6032
스포츠/레저,마크앤로나 Mesh Patch 여름 바람막이,"139,000원",14시간 전,판매중,https://www.daangn.com/kr/buy-sell/%EB%A7%88%ED%81%AC%EC%95%A4%EB%A1%9C%EB%82%98-mesh-patch-%EC%97%AC%EB%A6%84-%EB%B0%94%EB%9E%8C%EB%A7%89%EC%9D%B4-d73wqkpfrdns/?in=%EB%8C%80%EC%B9%98%EB%8F%99-6032
스포츠/레저,캘러웨이 ERC 로스트볼,"59,000원",14시간 전,판매중,https://www.daangn.com/kr/buy-sell/%EC%BA%98%EB%9F%AC%EC%9B%A8%EC%9D%B4-erc-%EB%A1%9C%EC%8A%A4%ED%8A%B8%EB%B3%BC-56opjhngcqey/?in=%EB%8C%80%EC%B9%98%EB%8F%99-6032
스포츠/레저,테일러메이드 TP5 Pix 로스트볼,"53,000원",14시간 전,판매중,https://www.daangn.com/kr/buy-sell/%ED%85%8C%EC%9D%BC%EB%9F%AC%EB%A9%94%EC%9D%B4%EB%93%9C-tp5-pix-%EB%A1%9C%EC%8A%A4%ED%8A%B8%EB%B3%BC-fb99kynf9iv1/?in=%EB%8C%80%EC%B9%98%EB%8F%99-6032
스포츠/레저,아소스 여성용 자전거 반바지(XS),"45,000원",끌올 14시간 전,판매완료,https://www.daangn.com/kr/buy-sell/%EC%95%84%EC%86%8C%EC%8A%A4-%EC%97%AC%EC%84%B1%EC%9A%A9-%EC%9E%90%EC%A0%84%EA%B1%B0-%EB%B0%98%EB%B0%94%EC%A7%80-xs-25v8mcssqjyy/?in=%EB%8C%80%EC%B9%98%EB%8F%99-6032
스포츠/레저,[새상품] 지포어 골프 캡 (black),"90,000원",끌올 14시간 전,판매중,https://www.daangn.com/kr/buy-sell/%EC%83%88%EC%83%81%ED%92%88-%EC%A7%80%ED%8F%AC%EC%96%B4-%EA%B3%A8%ED%94%84-%EC%BA%A1-black-gxtarzpmhje9/?in=%EB%8C%80%EC%B9%98%EB%8F%99-6032
스포츠/레저,[새상품] 말본 버킷햇,"85,000원",끌올 14시간 전,판매중,https://www.daangn.com/kr/buy-sell/%EC%83%88%EC%83%81%ED%92%88-%EB%A7%90%EB%B3%B8-%EB%B2%84%ED%82%B7%ED%96%87-53bh2481x6h7/?in=%EB%8C%80%EC%B9%98%EB%8F%99-6032
스포츠/레저,[새상품] 까스텔바작 여성 골프웨어 풀세트 (상하의/모자/양말),"220,000원",끌올 14시간 전,판매중,https://www.daangn.com/kr/buy-sell/%EC%83%88%EC%83%81%ED%92%88-%EA%B9%8C%EC%8A%A4%ED%85%94%EB%B0%94%EC%9E%91-%EC%97%AC%EC%84%B1-%EA%B3%A8%ED%94%84%EC%9B%A8%EC%96%B4-%ED%92%80%EC%84%B8%ED%8A%B8-%EC%83%81%ED%95%98%EC%9D%98-%EB%AA%A8%EC%9E%90-%EC%96%91%EB%A7%90-p2yxfpxeha5x/?in=%EB%8C%80%EC%B9%98%EB%8F%99-6032
스포츠/레저,FJ 풋조이 여성용 레인자켓,"280,000원",끌올 14시간 전,판매중,https://www.daangn.com/kr/buy-sell/fj-%ED%92%8B%EC%A1%B0%EC%9D%B4-%EC%97%AC%EC%84%B1%EC%9A%A9-%EB%A0%88%EC%9D%B8%EC%9E%90%EC%BC%93-w4ym92vjwxvi/?in=%EB%8C%80%EC%B9%98%EB%8F%99-6032
스포츠/레저,고요웨어 트레일팬츠 새상품,"70,000원",끌올 14시간 전,판매중,https://www.daangn.com/kr/buy-sell/%EA%B3%A0%EC%9A%94%EC%9B%A8%EC%96%B4-%ED%8A%B8%EB%A0%88%EC%9D%BC%ED%8C%AC%EC%B8%A0-%EC%83%88%EC%83%81%ED%92%88-idgeqxhsbuh5/?in=%EB%8C%80%EC%B9%98%EB%8F%99-6032
스포츠/레저,스테퍼,"40,000원",15시간 전,판매중,https://www.daangn.com/kr/buy-sell/%EC%8A%A4%ED%85%8C%ED%8D%BC-ykq7tfrqbjw7/?in=%EB%8C%80%EC%B9%98%EB%8F%99-6032
스포츠/레저,자동 거꾸리,"80,000원",15시간 전,판매중,https://www.daangn.com/kr/buy-sell/%EC%9E%90%EB%8F%99-%EA%B1%B0%EA%BE%B8%EB%A6%AC-wzzwb4b3kvcv/?in=%EB%8C%80%EC%B9%98%EB%8F%99-6032
스포츠/레저,테일러메이드 R11,"45,000원",끌올 16시간 전,판매중,https://www.daangn.com/kr/buy-sell/%ED%85%8C%EC%9D%BC%EB%9F%AC%EB%A9%94%EC%9D%B4%EB%93%9C-r11-r7g45waypobt/?in=%EB%8C%80%EC%B9%98%EB%8F%99-6032
스포츠/레저,리복 검정 런닝화 새상품,"18,500원",19시간 전,예약중,https://www.daangn.com/kr/buy-sell/%EB%A6%AC%EB%B3%B5-%EA%B2%80%EC%A0%95-%EB%9F%B0%EB%8B%9D%ED%99%94-%EC%83%88%EC%83%81%ED%92%88-xfrobanjo4d8/?in=%EB%8C%80%EC%B9%98%EB%8F%99-6032
스포츠/레저,살로몬 XA 프로 3D 앰피브 230 새상품,"170,000원",21시간 전,판매중,https://www.daangn.com/kr/buy-sell/%EC%82%B4%EB%A1%9C%EB%AA%AC-xa-%ED%94%84%EB%A1%9C-3d-%EC%95%B0%ED%94%BC%EB%B8%8C-230-%EC%83%88%EC%83%81%ED%92%88-ur4sfgvotpz7/?in=%EB%8C%80%EC%B9%98%EB%8F%99-6032
스포츠/레저,핑 G425 MAX 3번 우드,"180,000원",끌올 21시간 전,판매중,https://www.daangn.com/kr/buy-sell/%ED%95%91-g425-max-3%EB%B2%88-%EC%9A%B0%EB%93%9C-y548te7gskhk/?in=%EB%8C%80%EC%B9%98%EB%8F%99-6032
스포츠/레저,"핑 G425 3번 우드, Tour AD DI-5S","250,000원",끌올 21시간 전,판매중,https://www.daangn.com/kr/buy-sell/%ED%95%91-g425-3%EB%B2%88-%EC%9A%B0%EB%93%9C-tour-ad-di-5s-6avw5amd4xa2/?in=%EB%8C%80%EC%B9%98%EB%8F%99-6032
스포츠/레저,LG트윈스 & 1993스튜디오 콜라보 유니폼,"40,000원",끌올 21시간 전,판매중,https://www.daangn.com/kr/buy-sell/lg%ED%8A%B8%EC%9C%88%EC%8A%A4-1993%EC%8A%A4%ED%8A%9C%EB%94%94%EC%98%A4-%EC%BD%9C%EB%9D%BC%EB%B3%B4-%EC%9C%A0%EB%8B%88%ED%8F%BC-741sqxuptz7p/?in=%EB%8C%80%EC%B9%98%EB%8F%99-6032
스포츠/레저,한국미즈노 정품 JPX923 투어 7i 다골 120,"800,000원",끌올 21시간 전,판매중,https://www.daangn.com/kr/buy-sell/%ED%95%9C%EA%B5%AD%EB%AF%B8%EC%A6%88%EB%85%B8-%EC%A0%95%ED%92%88-jpx923-%ED%88%AC%EC%96%B4-7i-%EB%8B%A4%EA%B3%A8-120-ust1p95z4o15/?in=%EB%8C%80%EC%B9%98%EB%8F%99-6032
스포츠/레저,이고진 러닝머신,"40,000원",끌올 21시간 전,예약중,https://www.daangn.com/kr/buy-sell/%EC%9D%B4%EA%B3%A0%EC%A7%84-%EB%9F%AC%EB%8B%9D%EB%A8%B8%EC%8B%A0-8qgw9b3jc1o6/?in=%EB%8C%80%EC%B9%98%EB%8F%99-6032
스포츠/레저,스카티 카메론 써클티 볼마커 새상품,"380,000원",끌올 22시간 전,판매중,https://www.daangn.com/kr/buy-sell/%EC%8A%A4%EC%B9%B4%ED%8B%B0-%EC%B9%B4%EB%A9%94%EB%A1%A0-%EC%8D%A8%ED%81%B4%ED%8B%B0-%EB%B3%BC%EB%A7%88%EC%BB%A4-%EC%83%88%EC%83%81%ED%92%88-7fgvpnwvhdyh/?in=%EB%8C%80%EC%B9%98%EB%8F%99-6032
스포츠/레저,스카티카메론 배깅버드 드우유 커버 새상품,1원,끌올 22시간 전,판매중,https://www.daangn.com/kr/buy-sell/%EC%8A%A4%EC%B9%B4%ED%8B%B0%EC%B9%B4%EB%A9%94%EB%A1%A0-%EB%B0%B0%EA%B9%85%EB%B2%84%EB%93%9C-%EB%93%9C%EC%9A%B0%EC%9C%A0-%EC%BB%A4%EB%B2%84-%EC%83%88%EC%83%81%ED%92%88-9ye9xhny993i/?in=%EB%8C%80%EC%B9%98%EB%8F%99-6032
스포츠/레저,캘러웨이 골프백,나눔,22시간 전,예약중,https://www.daangn.com/kr/buy-sell/%EC%BA%98%EB%9F%AC%EC%9B%A8%EC%9D%B4-%EA%B3%A8%ED%94%84%EB%B0%B1-4zd7cmvb1mfc/?in=%EB%8C%80%EC%B9%98%EB%8F%99-6032
스포츠/레저,새상품) 애플라인드 네이비 트레이닝복 95,"12,000원",22시간 전,판매중,https://www.daangn.com/kr/buy-sell/%EC%83%88%EC%83%81%ED%92%88-%EC%95%A0%ED%94%8C%EB%9D%BC%EC%9D%B8%EB%93%9C-%EB%84%A4%EC%9D%B4%EB%B9%84-%ED%8A%B8%EB%A0%88%EC%9D%B4%EB%8B%9D%EB%B3%B5-95-f73cyobf6z1k/?in=%EB%8C%80%EC%B9%98%EB%8F%99-6032
스포츠/레저,지포어골프반바지 아이보리64,"230,000원",23시간 전,판매중,https://www.daangn.com/kr/buy-sell/%EC%A7%80%ED%8F%AC%EC%96%B4%EA%B3%A8%ED%94%84%EB%B0%98%EB%B0%94%EC%A7%80-%EC%95%84%EC%9D%B4%EB%B3%B4%EB%A6%AC64-d4fwg5oq7xqm/?in=%EB%8C%80%EC%B9%98%EB%8F%99-6032
스포츠/레저,새제품🍀베이스알파 쿨러백 25L,"10,000원",끌올 23시간 전,판매중,https://www.daangn.com/kr/buy-sell/%EC%83%88%EC%A0%9C%ED%92%88-%EB%B2%A0%EC%9D%B4%EC%8A%A4%EC%95%8C%ED%8C%8C-%EC%BF%A8%EB%9F%AC%EB%B0%B1-25l-ugjz2mk949wc/?in=%EB%8C%80%EC%B9%98%EB%8F%99-6032
스포츠/레저,새제품🍀꾸버스 쿨러백 L사이즈,"10,000원",끌올 23시간 전,판매중,https://www.daangn.com/kr/buy-sell/%EC%83%88%EC%A0%9C%ED%92%88-%EA%BE%B8%EB%B2%84%EC%8A%A4-%EC%BF%A8%EB%9F%AC%EB%B0%B1-l%EC%82%AC%EC%9D%B4%EC%A6%88-ux5eat15gea4/?in=%EB%8C%80%EC%B9%98%EB%8F%99-6032
스포츠/레저,아펙스 TIS 300 접이식 자전거,"100,000원",23시간 전,판매중,https://www.daangn.com/kr/buy-sell/%EC%95%84%ED%8E%99%EC%8A%A4-tis-300-%EC%A0%91%EC%9D%B4%EC%8B%9D-%EC%9E%90%EC%A0%84%EA%B1%B0-krfcv7c2frn5/?in=%EB%8C%80%EC%B9%98%EB%8F%99-6032
스포츠/레저,K2 등산모자 내놓습니다,"15,000원",23시간 전,판매중,https://www.daangn.com/kr/buy-sell/k2-%EB%93%B1%EC%82%B0%EB%AA%A8%EC%9E%90-%EB%82%B4%EB%86%93%EC%8A%B5%EB%8B%88%EB%8B%A4-g2vk2h21aagy/?in=%EB%8C%80%EC%B9%98%EB%8F%99-6032
스포츠/레저,FILA 휠라골프 여성원피스(55사이즈),"70,000원",23시간 전,판매중,https://www.daangn.com/kr/buy-sell/fila-%ED%9C%A0%EB%9D%BC%EA%B3%A8%ED%94%84-%EC%97%AC%EC%84%B1%EC%9B%90%ED%94%BC%EC%8A%A4-55%EC%82%AC%EC%9D%B4%EC%A6%88-qxn2rmk6j1gg/?in=%EB%8C%80%EC%B9%98%EB%8F%99-6032
스포츠/레저,타이틀리스트 골프 남성105호.바람막이 방수방풍,"65,000원",끌올 23시간 전,판매중,https://www.daangn.com/kr/buy-sell/%ED%83%80%EC%9D%B4%ED%8B%80%EB%A6%AC%EC%8A%A4%ED%8A%B8-%EA%B3%A8%ED%94%84-%EB%82%A8%EC%84%B1105%ED%98%B8-%EB%B0%94%EB%9E%8C%EB%A7%89%EC%9D%B4-%EB%B0%A9%EC%88%98%EB%B0%A9%ED%92%8D-gk9tpkp6n5w6/?in=%EB%8C%80%EC%B9%98%EB%8F%99-6032
스포츠/레저,어메이징크리 해골 버킷햇,"60,000원",24시간 전,판매중,https://www.daangn.com/kr/buy-sell/%EC%96%B4%EB%A9%94%EC%9D%B4%EC%A7%95%ED%81%AC%EB%A6%AC-%ED%95%B4%EA%B3%A8-%EB%B2%84%ED%82%B7%ED%96%87-5sa84ay14px4/?in=%EB%8C%80%EC%B9%98%EB%8F%99-6032
스포츠/레저,엑사이더 EB620 좌식 자전거,"130,000원",끌올 24시간 전,판매중,https://www.daangn.com/kr/buy-sell/%EC%97%91%EC%82%AC%EC%9D%B4%EB%8D%94-eb620-%EC%A2%8C%EC%8B%9D-%EC%9E%90%EC%A0%84%EA%B1%B0-jctx72765uqy/?in=%EB%8C%80%EC%B9%98%EB%8F%99-6032
스포츠/레저,"디스이즈네버댓 후드티 남녀공용 M, L","40,000원",끌올 24시간 전,판매중,https://www.daangn.com/kr/buy-sell/%EB%94%94%EC%8A%A4%EC%9D%B4%EC%A6%88%EB%84%A4%EB%B2%84%EB%8C%93-%ED%9B%84%EB%93%9C%ED%8B%B0-%EB%82%A8%EB%85%80%EA%B3%B5%EC%9A%A9-m-l-yh48m7ugrkjf/?in=%EB%8C%80%EC%B9%98%EB%8F%99-6032
스포츠/레저,Horn Garment 혼가먼트 골프 니트티셔츠 82호,"70,000원",끌올 1일 전,판매중,https://www.daangn.com/kr/buy-sell/horn-garment-%ED%98%BC%EA%B0%80%EB%A8%BC%ED%8A%B8-%EA%B3%A8%ED%94%84-%EB%8B%88%ED%8A%B8%ED%8B%B0%EC%85%94%EC%B8%A0-82%ED%98%B8-ttzmst36scxx/?in=%EB%8C%80%EC%B9%98%EB%8F%99-6032
스포츠/레저,여름필드용 PXG모자,"60,000원",1일 전,판매중,https://www.daangn.com/kr/buy-sell/%EC%97%AC%EB%A6%84%ED%95%84%EB%93%9C%EC%9A%A9-pxg%EB%AA%A8%EC%9E%90-9em3dg8du9i9/?in=%EB%8C%80%EC%B9%98%EB%8F%99-6032
스포츠/레저,제이린드버그 집업,"100,000원",끌올 1일 전,판매중,https://www.daangn.com/kr/buy-sell/%EC%A0%9C%EC%9D%B4%EB%A6%B0%EB%93%9C%EB%B2%84%EA%B7%B8-%EC%A7%91%EC%97%85-oedcv7k91smz/?in=%EB%8C%80%EC%B9%98%EB%8F%99-6032
스포츠/레저,Wow 원터치 텐트,"10,000원",1일 전,판매완료,https://www.daangn.com/kr/buy-sell/wow-%EC%9B%90%ED%84%B0%EC%B9%98-%ED%85%90%ED%8A%B8-8mdmr6xbmuyo/?in=%EB%8C%80%EC%B9%98%EB%8F%99-6032
스포츠/레저,잭슨 피겨 스케이트화,"150,000원",끌올 1일 전,판매중,https://www.daangn.com/kr/buy-sell/%EC%9E%AD%EC%8A%A8-%ED%94%BC%EA%B2%A8-%EC%8A%A4%EC%BC%80%EC%9D%B4%ED%8A%B8%ED%99%94-mw1bdgkg8kxn/?in=%EB%8C%80%EC%B9%98%EB%8F%99-6032
스포츠/레저,모페즈 전기자전거 500W,"3,000,000원",1일 전,판매중,https://www.daangn.com/kr/buy-sell/%EB%AA%A8%ED%8E%98%EC%A6%88-%EC%A0%84%EA%B8%B0%EC%9E%90%EC%A0%84%EA%B1%B0-500w-44tqrz129pfk/?in=%EB%8C%80%EC%B9%98%EB%8F%99-6032
스포츠/레저,테일러메이드 스텔스 여성 드라이버 L,"270,000원",1일 전,판매중,https://www.daangn.com/kr/buy-sell/%ED%85%8C%EC%9D%BC%EB%9F%AC%EB%A9%94%EC%9D%B4%EB%93%9C-%EC%8A%A4%ED%85%94%EC%8A%A4-%EC%97%AC%EC%84%B1-%EB%93%9C%EB%9D%BC%EC%9D%B4%EB%B2%84-l-uxm6w34uaypq/?in=%EB%8C%80%EC%B9%98%EB%8F%99-6032
스포츠/레저,J.LINDEBERG 컴프레션 탑 L,"90,000원",끌올 1일 전,판매중,https://www.daangn.com/kr/buy-sell/j-lindeberg-%EC%BB%B4%ED%94%84%EB%A0%88%EC%85%98-%ED%83%91-l-c1vk5qii99d9/?in=%EB%8C%80%EC%B9%98%EB%8F%99-6032
스포츠/레저,풋조이 골프 베스트 M,"80,000원",끌올 1일 전,판매중,https://www.daangn.com/kr/buy-sell/%ED%92%8B%EC%A1%B0%EC%9D%B4-%EA%B3%A8%ED%94%84-%EB%B2%A0%EC%8A%A4%ED%8A%B8-m-2zz5esdvdipx/?in=%EB%8C%80%EC%B9%98%EB%8F%99-6032
스포츠/레저,G-ARK U4 21도 유틸리티,"15,000원",끌올 1일 전,판매중,https://www.daangn.com/kr/buy-sell/g-ark-u4-21%EB%8F%84-%EC%9C%A0%ED%8B%B8%EB%A6%AC%ED%8B%B0-9sqde55mynh9/?in=%EB%8C%80%EC%B9%98%EB%8F%99-6032
스포츠/레저,캘러웨이 솔레어 여성용 5번우드/웨지/퍼터,"200,000원",끌올 1일 전,판매중,https://www.daangn.com/kr/buy-sell/%EC%BA%98%EB%9F%AC%EC%9B%A8%EC%9D%B4-%EC%86%94%EB%A0%88%EC%96%B4-%EC%97%AC%EC%84%B1%EC%9A%A9-5%EB%B2%88%EC%9A%B0%EB%93%9C-%EC%9B%A8%EC%A7%80-%ED%8D%BC%ED%84%B0-967gjfwfycoy/?in=%EB%8C%80%EC%B9%98%EB%8F%99-6032
스포츠/레저,온 러닝 클라우드몬스터2 베이퍼 300,"305,000원",끌올 1일 전,판매중,https://www.daangn.com/kr/buy-sell/%EC%98%A8-%EB%9F%AC%EB%8B%9D-%ED%81%B4%EB%9D%BC%EC%9A%B0%EB%93%9C%EB%AA%AC%EC%8A%A4%ED%84%B02-%EB%B2%A0%EC%9D%B4%ED%8D%BC-300-2mpfe1op1gub/?in=%EB%8C%80%EC%B9%98%EB%8F%99-6032
스포츠/레저,오딧세이 화이트 핫 OG 2-BALL 퍼터,"140,000원",끌올 1일 전,판매중,https://www.daangn.com/kr/buy-sell/%EC%98%A4%EB%94%A7%EC%84%B8%EC%9D%B4-%ED%99%94%EC%9D%B4%ED%8A%B8-%ED%95%AB-og-2-ball-%ED%8D%BC%ED%84%B0-ytzyruagvudb/?in=%EB%8C%80%EC%B9%98%EB%8F%99-6032
스포츠/레저,핑 G25 20도 남성 유틸리티4번,"100,000원",1일 전,판매중,https://www.daangn.com/kr/buy-sell/%ED%95%91-g25-20%EB%8F%84-%EB%82%A8%EC%84%B1-%EC%9C%A0%ED%8B%B8%EB%A6%AC%ED%8B%B04%EB%B2%88-s96dzhdn7ez8/?in=%EB%8C%80%EC%B9%98%EB%8F%99-6032
스포츠/레저,(새상품) J.LINDEBERG 제이린드버그 골프 시리 버킷햇 화이트,"50,000원",1일 전,판매중,https://www.daangn.com/kr/buy-sell/%EC%83%88%EC%83%81%ED%92%88-j-lindeberg-%EC%A0%9C%EC%9D%B4%EB%A6%B0%EB%93%9C%EB%B2%84%EA%B7%B8-%EA%B3%A8%ED%94%84-%EC%8B%9C%EB%A6%AC-%EB%B2%84%ED%82%B7%ED%96%87-%ED%99%94%EC%9D%B4%ED%8A%B8-bxaj6i87t26s/?in=%EB%8C%80%EC%B9%98%EB%8F%99-6032
스포츠/레저,스패로우 그랜드50 더블 매트,"150,000원",1일 전,판매중,https://www.daangn.com/kr/buy-sell/%EC%8A%A4%ED%8C%A8%EB%A1%9C%EC%9A%B0-%EA%B7%B8%EB%9E%9C%EB%93%9C50-%EB%8D%94%EB%B8%94-%EB%A7%A4%ED%8A%B8-jxxtnbtyjm7z/?in=%EB%8C%80%EC%B9%98%EB%8F%99-6032
스포츠/레저,에버라스트 스피드백 스탠드,나눔,1일 전,예약중,https://www.daangn.com/kr/buy-sell/%EC%97%90%EB%B2%84%EB%9D%BC%EC%8A%A4%ED%8A%B8-%EC%8A%A4%ED%94%BC%EB%93%9C%EB%B0%B1-%EC%8A%A4%ED%83%A0%EB%93%9C-cjommaufp4bo/?in=%EB%8C%80%EC%B9%98%EB%8F%99-6032
스포츠/레저,Kindling 스케이트보드,나눔,1일 전,판매완료,https://www.daangn.com/kr/buy-sell/kindling-%EC%8A%A4%EC%BC%80%EC%9D%B4%ED%8A%B8%EB%B3%B4%EB%93%9C-k4ez4ovv5mn9/?in=%EB%8C%80%EC%B9%98%EB%8F%99-6032
스포츠/레저,KBO 띠부씰 교환(LG랑 교환 원해요),1원,끌올 1일 전,판매중,https://www.daangn.com/kr/buy-sell/kbo-%EB%9D%A0%EB%B6%80%EC%94%B0-%EA%B5%90%ED%99%98-lg%EB%9E%91-%EA%B5%90%ED%99%98-%EC%9B%90%ED%95%B4%EC%9A%94-2mzj59cytz2z/?in=%EB%8C%80%EC%B9%98%EB%8F%99-6032
스포츠/레저,마크앤로나 RAWROW 캐리어 새상품,"1,100,000원",끌올 1일 전,판매중,https://www.daangn.com/kr/buy-sell/%EB%A7%88%ED%81%AC%EC%95%A4%EB%A1%9C%EB%82%98-rawrow-%EC%BA%90%EB%A6%AC%EC%96%B4-%EC%83%88%EC%83%81%ED%92%88-thnqu3ixwjre/?in=%EB%8C%80%EC%B9%98%EB%8F%99-6032
스포츠/레저,미즈노 jpx925 포지드 아이언 5~P(재당근),"850,000원",끌올 1일 전,판매중,https://www.daangn.com/kr/buy-sell/%EB%AF%B8%EC%A6%88%EB%85%B8-jpx925-%ED%8F%AC%EC%A7%80%EB%93%9C-%EC%95%84%EC%9D%B4%EC%96%B8-5-p-%EC%9E%AC%EB%8B%B9%EA%B7%BC-2xtijynk4eqc/?in=%EB%8C%80%EC%B9%98%EB%8F%99-6032
스포츠/레저,가민 포러너(Forerunner) 965,"500,000원",1일 전,판매완료,https://www.daangn.com/kr/buy-sell/%EA%B0%80%EB%AF%BC-%ED%8F%AC%EB%9F%AC%EB%84%88-forerunner-965-yobyn8zb77z3/?in=%EB%8C%80%EC%B9%98%EB%8F%99-6032
스포츠/레저,[텍있는 새상품] 나이키 골프 여성용 골프옷 상/하의 세트,"88,000원",끌올 1일 전,판매중,https://www.daangn.com/kr/buy-sell/%ED%85%8D%EC%9E%88%EB%8A%94-%EC%83%88%EC%83%81%ED%92%88-%EB%82%98%EC%9D%B4%ED%82%A4-%EA%B3%A8%ED%94%84-%EC%97%AC%EC%84%B1%EC%9A%A9-%EA%B3%A8%ED%94%84%EC%98%B7-%EC%83%81-%ED%95%98%EC%9D%98-%EC%84%B8%ED%8A%B8-9nnzns52ks11/?in=%EB%8C%80%EC%B9%98%EB%8F%99-6032
스포츠/레저,보이스캐디 T6 골프워치 풀박,"60,000원",끌올 1일 전,판매중,https://www.daangn.com/kr/buy-sell/%EB%B3%B4%EC%9D%B4%EC%8A%A4%EC%BA%90%EB%94%94-t6-%EA%B3%A8%ED%94%84%EC%9B%8C%EC%B9%98-%ED%92%80%EB%B0%95-knntkd4fjpaj/?in=%EB%8C%80%EC%B9%98%EB%8F%99-6032
스포츠/레저,두산 곽빈선수명찰ㅡㅡ>>>오명진선수로 교환,나눔,1일 전,판매중,https://www.daangn.com/kr/buy-sell/%EB%91%90%EC%82%B0-%EA%B3%BD%EB%B9%88%EC%84%A0%EC%88%98%EB%AA%85%EC%B0%B0-%EC%98%A4%EB%AA%85%EC%A7%84%EC%84%A0%EC%88%98%EB%A1%9C-%EA%B5%90%ED%99%98-dza7teahet5y/?in=%EB%8C%80%EC%B9%98%EB%8F%99-6032
스포츠/레저,"[250,새상품]아디다스슈퍼스타","69,000원",끌올 1일 전,판매중,https://www.daangn.com/kr/buy-sell/250-%EC%83%88%EC%83%81%ED%92%88-%EC%95%84%EB%94%94%EB%8B%A4%EC%8A%A4%EC%8A%88%ED%8D%BC%EC%8A%A4%ED%83%80-jgs7wbwgd4ur/?in=%EB%8C%80%EC%B9%98%EB%8F%99-6032
스포츠/레저,[PING]핑.i59ㅡ4~9P.그라파이트.샤프트s,"1,100,000원",끌올 1일 전,판매중,https://www.daangn.com/kr/buy-sell/ping-%ED%95%91-i59-4-9p-%EA%B7%B8%EB%9D%BC%ED%8C%8C%EC%9D%B4%ED%8A%B8-%EC%83%A4%ED%94%84%ED%8A%B8s-qpvefy92f29g/?in=%EB%8C%80%EC%B9%98%EB%8F%99-6032
스포츠/레저,캘러웨이 Xj2 주니어 골프채 세트,"150,000원",끌올 1일 전,판매중,https://www.daangn.com/kr/buy-sell/%EC%BA%98%EB%9F%AC%EC%9B%A8%EC%9D%B4-xj2-%EC%A3%BC%EB%8B%88%EC%96%B4-%EA%B3%A8%ED%94%84%EC%B1%84-%EC%84%B8%ED%8A%B8-7axbnrm4jhxb/?in=%EB%8C%80%EC%B9%98%EB%8F%99-6032
스포츠/레저,테니스선바이저 론앤디마리 화이트 Free,"30,000원",1일 전,판매중,https://www.daangn.com/kr/buy-sell/%ED%85%8C%EB%8B%88%EC%8A%A4%EC%84%A0%EB%B0%94%EC%9D%B4%EC%A0%80-%EB%A1%A0%EC%95%A4%EB%94%94%EB%A7%88%EB%A6%AC-%ED%99%94%EC%9D%B4%ED%8A%B8-free-dnkmse1sqw5m/?in=%EB%8C%80%EC%B9%98%EB%8F%99-6032
스포츠/레저,캘러웨이 퓨전 스탠드 골프백,"30,000원",1일 전,판매완료,https://www.daangn.com/kr/buy-sell/%EC%BA%98%EB%9F%AC%EC%9B%A8%EC%9D%B4-%ED%93%A8%EC%A0%84-%EC%8A%A4%ED%83%A0%EB%93%9C-%EA%B3%A8%ED%94%84%EB%B0%B1-qimfefet4gmm/?in=%EB%8C%80%EC%B9%98%EB%8F%99-6032
스포츠/레저,LG 김진성 선수 띠부씰 스티커,"2,000원",1일 전,판매중,https://www.daangn.com/kr/buy-sell/lg-%EA%B9%80%EC%A7%84%EC%84%B1-%EC%84%A0%EC%88%98-%EB%9D%A0%EB%B6%80%EC%94%B0-%EC%8A%A4%ED%8B%B0%EC%BB%A4-muanbpb9dcsz/?in=%EB%8C%80%EC%B9%98%EB%8F%99-6032
스포츠/레저,빅토리랩 퀼팅 드로우 스트링 가방,"24,000원",1일 전,판매중,https://www.daangn.com/kr/buy-sell/%EB%B9%85%ED%86%A0%EB%A6%AC%EB%9E%A9-%ED%80%BC%ED%8C%85-%EB%93%9C%EB%A1%9C%EC%9A%B0-%EC%8A%A4%ED%8A%B8%EB%A7%81-%EA%B0%80%EB%B0%A9-cwxtue22wwsv/?in=%EB%8C%80%EC%B9%98%EB%8F%99-6032
스포츠/레저,무한도전 RUN 2025 SEOUL 기념품 굿즈,"30,000원",1일 전,판매중,https://www.daangn.com/kr/buy-sell/%EB%AC%B4%ED%95%9C%EB%8F%84%EC%A0%84-run-2025-seoul-%EA%B8%B0%EB%85%90%ED%92%88-%EA%B5%BF%EC%A6%88-bnk5os9se2nj/?in=%EB%8C%80%EC%B9%98%EB%8F%99-6032
스포츠/레저,잇존 TLK01 여성 운동복 S/M,"10,000원",1일 전,판매중,https://www.daangn.com/kr/buy-sell/%EC%9E%87%EC%A1%B4-tlk01-%EC%97%AC%EC%84%B1-%EC%9A%B4%EB%8F%99%EB%B3%B5-s-m-at5d8uqauaxa/?in=%EB%8C%80%EC%B9%98%EB%8F%99-6032
스포츠/레저,[마지막 할인] Wilson 윌슨 테니스 라켓 판매합니다,"82,000원",끌올 1일 전,판매중,https://www.daangn.com/kr/buy-sell/%EB%A7%88%EC%A7%80%EB%A7%89-%ED%95%A0%EC%9D%B8-wilson-%EC%9C%8C%EC%8A%A8-%ED%85%8C%EB%8B%88%EC%8A%A4-%EB%9D%BC%EC%BC%93-%ED%8C%90%EB%A7%A4%ED%95%A9%EB%8B%88%EB%8B%A4-v3sbio3hr2rt/?in=%EB%8C%80%EC%B9%98%EB%8F%99-6032
스포츠/레저,마스터바니 골프 썬캡,"30,000원",1일 전,판매완료,https://www.daangn.com/kr/buy-sell/%EB%A7%88%EC%8A%A4%ED%84%B0%EB%B0%94%EB%8B%88-%EA%B3%A8%ED%94%84-%EC%8D%AC%EC%BA%A1-1zh8obefubc7/?in=%EB%8C%80%EC%B9%98%EB%8F%99-6032
스포츠/레저,G FORE 남성 95호 티셔츠,"80,000원",1일 전,판매중,https://www.daangn.com/kr/buy-sell/g-fore-%EB%82%A8%EC%84%B1-95%ED%98%B8-%ED%8B%B0%EC%85%94%EC%B8%A0-udktj4z7k12y/?in=%EB%8C%80%EC%B9%98%EB%8F%99-6032
스포츠/레저,미쉐린 차량용 바디커버 SUV S3호,"50,000원",1일 전,판매중,https://www.daangn.com/kr/buy-sell/%EB%AF%B8%EC%89%90%EB%A6%B0-%EC%B0%A8%EB%9F%89%EC%9A%A9-%EB%B0%94%EB%94%94%EC%BB%A4%EB%B2%84-suv-s3%ED%98%B8-57ikqs6z3ce9/?in=%EB%8C%80%EC%B9%98%EB%8F%99-6032
스포츠/레저,미쉐린 자동차 커버 P2호,"50,000원",1일 전,판매중,https://www.daangn.com/kr/buy-sell/%EB%AF%B8%EC%89%90%EB%A6%B0-%EC%9E%90%EB%8F%99%EC%B0%A8-%EC%BB%A4%EB%B2%84-p2%ED%98%B8-moe796ihnsvv/?in=%EB%8C%80%EC%B9%98%EB%8F%99-6032
스포츠/레저,캘러웨이 순정 웨지 샤프트,"40,000원",끌올 1일 전,판매중,https://www.daangn.com/kr/buy-sell/%EC%BA%98%EB%9F%AC%EC%9B%A8%EC%9D%B4-%EC%88%9C%EC%A0%95-%EC%9B%A8%EC%A7%80-%EC%83%A4%ED%94%84%ED%8A%B8-7jwr7aaii5vh/?in=%EB%8C%80%EC%B9%98%EB%8F%99-6032
스포츠/레저,새상품 여행묭 치약 칫솔 사출케이스,"2,000원",끌올 1일 전,판매중,https://www.daangn.com/kr/buy-sell/%EC%83%88%EC%83%81%ED%92%88-%EC%97%AC%ED%96%89%EB%AC%AD-%EC%B9%98%EC%95%BD-%EC%B9%AB%EC%86%94-%EC%82%AC%EC%B6%9C%EC%BC%80%EC%9D%B4%EC%8A%A4-3zvmw87fe5qu/?in=%EB%8C%80%EC%B9%98%EB%8F%99-6032
스포츠/레저,새상품 펀치볼,"5,000원",끌올 1일 전,판매중,https://www.daangn.com/kr/buy-sell/%EC%83%88%EC%83%81%ED%92%88-%ED%8E%80%EC%B9%98%EB%B3%BC-b19tv33aw8z3/?in=%EB%8C%80%EC%B9%98%EB%8F%99-6032
스포츠/레저,새상품 스포츠 타올,"1,500원",끌올 1일 전,판매중,https://www.daangn.com/kr/buy-sell/%EC%83%88%EC%83%81%ED%92%88-%EC%8A%A4%ED%8F%AC%EC%B8%A0-%ED%83%80%EC%98%AC-ibg89o5x6z47/?in=%EB%8C%80%EC%B9%98%EB%8F%99-6032
스포츠/레저,정품 타이틀리스트 T200 아이언세트 3세대,"1,300,000원",1일 전,판매중,https://www.daangn.com/kr/buy-sell/%EC%A0%95%ED%92%88-%ED%83%80%EC%9D%B4%ED%8B%80%EB%A6%AC%EC%8A%A4%ED%8A%B8-t200-%EC%95%84%EC%9D%B4%EC%96%B8%EC%84%B8%ED%8A%B8-3%EC%84%B8%EB%8C%80-aofj5dks8uay/?in=%EB%8C%80%EC%B9%98%EB%8F%99-6032
스포츠/레저,풋조이 투어알파 트리플 255mm,"130,000원",1일 전,판매완료,https://www.daangn.com/kr/buy-sell/%ED%92%8B%EC%A1%B0%EC%9D%B4-%ED%88%AC%EC%96%B4%EC%95%8C%ED%8C%8C-%ED%8A%B8%EB%A6%AC%ED%94%8C-255mm-eb9gsvdd1b37/?in=%EB%8C%80%EC%B9%98%EB%8F%99-6032
스포츠/레저,PGA 골프 아이언 세트,"35,000원",1일 전,판매완료,https://www.daangn.com/kr/buy-sell/pga-%EA%B3%A8%ED%94%84-%EC%95%84%EC%9D%B4%EC%96%B8-%EC%84%B8%ED%8A%B8-h3nrasbdrwot/?in=%EB%8C%80%EC%B9%98%EB%8F%99-6032
스포츠/레저,KBO 카드 한화로 교환해요~,나눔,1일 전,판매중,https://www.daangn.com/kr/buy-sell/kbo-%EC%B9%B4%EB%93%9C-%ED%95%9C%ED%99%94%EB%A1%9C-%EA%B5%90%ED%99%98%ED%95%B4%EC%9A%94-k69jrj98can2/?in=%EB%8C%80%EC%B9%98%EB%8F%99-6032
스포츠/레저,[ 나이키 ] 보드복 스키복 라지(100~105),"30,000원",끌올 1일 전,판매중,https://www.daangn.com/kr/buy-sell/%EB%82%98%EC%9D%B4%ED%82%A4-%EB%B3%B4%EB%93%9C%EB%B3%B5-%EC%8A%A4%ED%82%A4%EB%B3%B5-%EB%9D%BC%EC%A7%80-100-105-osiycu4o5xaj/?in=%EB%8C%80%EC%B9%98%EB%8F%99-6032
스포츠/레저,세인트앤드류스 골프 쎈캡,"30,000원",1일 전,예약중,https://www.daangn.com/kr/buy-sell/%EC%84%B8%EC%9D%B8%ED%8A%B8%EC%95%A4%EB%93%9C%EB%A5%98%EC%8A%A4-%EA%B3%A8%ED%94%84-%EC%8E%88%EC%BA%A1-87q6nifesrv2/?in=%EB%8C%80%EC%B9%98%EB%8F%99-6032
스포츠/레저,캘러웨이 골프 정품 패러다임 AI 스모크 트리플다이아(TD) 벤투스 커스텀 드라이버 (VENTUS TR BL),"490,000원",끌올 1일 전,예약중,https://www.daangn.com/kr/buy-sell/%EC%BA%98%EB%9F%AC%EC%9B%A8%EC%9D%B4-%EA%B3%A8%ED%94%84-%EC%A0%95%ED%92%88-%ED%8C%A8%EB%9F%AC%EB%8B%A4%EC%9E%84-ai-%EC%8A%A4%EB%AA%A8%ED%81%AC-%ED%8A%B8%EB%A6%AC%ED%94%8C%EB%8B%A4%EC%9D%B4%EC%95%84-td-%EB%B2%A4%ED%88%AC%EC%8A%A4-%EC%BB%A4%EC%8A%A4%ED%85%80-%EB%93%9C%EB%9D%BC%EC%9D%B4%EB%B2%84-ventus-tr-bl-jafq83cwwupy/?in=%EB%8C%80%EC%B9%98%EB%8F%99-6032
스포츠/레저,"포틴 TC 788 FORGED 남성 골프 스틸 7 아이언세트 (4~P, 성화스포츠 정품)","485,000원",끌올 1일 전,판매중,https://www.daangn.com/kr/buy-sell/%ED%8F%AC%ED%8B%B4-tc-788-forged-%EB%82%A8%EC%84%B1-%EA%B3%A8%ED%94%84-%EC%8A%A4%ED%8B%B8-7-%EC%95%84%EC%9D%B4%EC%96%B8%EC%84%B8%ED%8A%B8-4-p-%EC%84%B1%ED%99%94%EC%8A%A4%ED%8F%AC%EC%B8%A0-%EC%A0%95%ED%92%88-qawdkcj4y8hq/?in=%EB%8C%80%EC%B9%98%EB%8F%99-6032
스포츠/레저,마크앤로나골프 2024년 64호 치마,"100,000원",1일 전,판매중,https://www.daangn.com/kr/buy-sell/%EB%A7%88%ED%81%AC%EC%95%A4%EB%A1%9C%EB%82%98%EA%B3%A8%ED%94%84-2024%EB%85%84-64%ED%98%B8-%EC%B9%98%EB%A7%88-8nzwykrc4x3o/?in=%EB%8C%80%EC%B9%98%EB%8F%99-6032
스포츠/레저,미즈노 프로 내야입니다,"220,000원",1일 전,판매중,https://www.daangn.com/kr/buy-sell/%EB%AF%B8%EC%A6%88%EB%85%B8-%ED%94%84%EB%A1%9C-%EB%82%B4%EC%95%BC%EC%9E%85%EB%8B%88%EB%8B%A4-yrbkgkvr6pio/?in=%EB%8C%80%EC%B9%98%EB%8F%99-6032
스포츠/레저,보이스캐디 T11 Pro 골프시계,"290,000원",끌올 1일 전,판매완료,https://www.daangn.com/kr/buy-sell/%EB%B3%B4%EC%9D%B4%EC%8A%A4%EC%BA%90%EB%94%94-t11-pro-%EA%B3%A8%ED%94%84%EC%8B%9C%EA%B3%84-mgfk8gz1by1y/?in=%EB%8C%80%EC%B9%98%EB%8F%99-6032
스포츠/레저,KBO 양현종 저지 카드 <-> 한화 저지 카드,나눔,1일 전,판매중,https://www.daangn.com/kr/buy-sell/kbo-%EC%96%91%ED%98%84%EC%A2%85-%EC%A0%80%EC%A7%80-%EC%B9%B4%EB%93%9C-%ED%95%9C%ED%99%94-%EC%A0%80%EC%A7%80-%EC%B9%B4%EB%93%9C-jaa62seuxygm/?in=%EB%8C%80%EC%B9%98%EB%8F%99-6032
스포츠/레저,"정품 다이와 온오프 아이언 팝니다 (4~S,9개)","300,000원",1일 전,판매중,https://www.daangn.com/kr/buy-sell/%EC%A0%95%ED%92%88-%EB%8B%A4%EC%9D%B4%EC%99%80-%EC%98%A8%EC%98%A4%ED%94%84-%EC%95%84%EC%9D%B4%EC%96%B8-%ED%8C%9D%EB%8B%88%EB%8B%A4-4-s-9%EA%B0%9C-kk5g51yqwyev/?in=%EB%8C%80%EC%B9%98%EB%8F%99-6032
스포츠/레저,제이린드버그 원피스xs사이즈,"80,000원",끌올 1일 전,판매중,https://www.daangn.com/kr/buy-sell/%EC%A0%9C%EC%9D%B4%EB%A6%B0%EB%93%9C%EB%B2%84%EA%B7%B8-%EC%9B%90%ED%94%BC%EC%8A%A4xs%EC%82%AC%EC%9D%B4%EC%A6%88-k3z6wvztuyv7/?in=%EB%8C%80%EC%B9%98%EB%8F%99-6032
스포츠/레저,BELL 헬멧,"20,000원",1일 전,판매중,https://www.daangn.com/kr/buy-sell/bell-%ED%97%AC%EB%A9%A7-xx1xox47gcau/?in=%EB%8C%80%EC%B9%98%EB%8F%99-6032
스포츠/레저,어뉴골프파우치새상품,"80,000원",끌올 1일 전,판매중,https://www.daangn.com/kr/buy-sell/%EC%96%B4%EB%89%B4%EA%B3%A8%ED%94%84%ED%8C%8C%EC%9A%B0%EC%B9%98%EC%83%88%EC%83%81%ED%92%88-1obrnajemfrg/?in=%EB%8C%80%EC%B9%98%EB%8F%99-6032
스포츠/레저,30리터등산가방,"28,000원",끌올 1일 전,판매중,https://www.daangn.com/kr/buy-sell/30%EB%A6%AC%ED%84%B0%EB%93%B1%EC%82%B0%EA%B0%80%EB%B0%A9-vcra16epgqjm/?in=%EB%8C%80%EC%B9%98%EB%8F%99-6032
스포츠/레저,아디다스양말6족세트,"30,000원",끌올 1일 전,판매중,https://www.daangn.com/kr/buy-sell/%EC%95%84%EB%94%94%EB%8B%A4%EC%8A%A4%EC%96%91%EB%A7%906%EC%A1%B1%EC%84%B8%ED%8A%B8-twfzoa7v286i/?in=%EB%8C%80%EC%B9%98%EB%8F%99-6032
스포츠/레저,지포어캐디백,"390,000원",끌올 1일 전,판매중,https://www.daangn.com/kr/buy-sell/%EC%A7%80%ED%8F%AC%EC%96%B4%EC%BA%90%EB%94%94%EB%B0%B1-6ev5e1mkexxi/?in=%EB%8C%80%EC%B9%98%EB%8F%99-6032
스포츠/레저,"버팔로 캠핑 폴딩 카트, 웨건테이블","65,000원",끌올 1일 전,판매완료,https://www.daangn.com/kr/buy-sell/%EB%B2%84%ED%8C%94%EB%A1%9C-%EC%BA%A0%ED%95%91-%ED%8F%B4%EB%94%A9-%EC%B9%B4%ED%8A%B8-%EC%9B%A8%EA%B1%B4%ED%85%8C%EC%9D%B4%EB%B8%94-9h3vj1rocw9g/?in=%EB%8C%80%EC%B9%98%EB%8F%99-6032
스포츠/레저,(새제품 265) 나이키 조던3 조지타운 ct8532-401,"239,000원",끌올 1일 전,판매중,https://www.daangn.com/kr/buy-sell/%EC%83%88%EC%A0%9C%ED%92%88-265-%EB%82%98%EC%9D%B4%ED%82%A4-%EC%A1%B0%EB%8D%983-%EC%A1%B0%EC%A7%80%ED%83%80%EC%9A%B4-ct8532-401-custt3rjecsj/?in=%EB%8C%80%EC%B9%98%EB%8F%99-6032
스포츠/레저,사우스케이프 골프 아시니트 조끼85호,"130,000원",1일 전,판매중,https://www.daangn.com/kr/buy-sell/%EC%82%AC%EC%9A%B0%EC%8A%A4%EC%BC%80%EC%9D%B4%ED%94%84-%EA%B3%A8%ED%94%84-%EC%95%84%EC%8B%9C%EB%8B%88%ED%8A%B8-%EC%A1%B0%EB%81%BC85%ED%98%B8-b8ik397tehq8/?in=%EB%8C%80%EC%B9%98%EB%8F%99-6032
스포츠/레저,말본골프 xs사이즈 티셔츠,"70,000원",1일 전,판매중,https://www.daangn.com/kr/buy-sell/%EB%A7%90%EB%B3%B8%EA%B3%A8%ED%94%84-xs%EC%82%AC%EC%9D%B4%EC%A6%88-%ED%8B%B0%EC%85%94%EC%B8%A0-eoe4az1yj5px/?in=%EB%8C%80%EC%B9%98%EB%8F%99-6032
스포츠/레저,테니스 라켓 - 윌슨 블레이드 V7 265g,"220,000원",끌올 1일 전,판매중,https://www.daangn.com/kr/buy-sell/%ED%85%8C%EB%8B%88%EC%8A%A4-%EB%9D%BC%EC%BC%93-%EC%9C%8C%EC%8A%A8-%EB%B8%94%EB%A0%88%EC%9D%B4%EB%93%9C-v7-265g-s52qdht7wuh7/?in=%EB%8C%80%EC%B9%98%EB%8F%99-6032
스포츠/레저,캘러웨이 로그st 아이언세트,"430,000원",끌올 1일 전,판매중,https://www.daangn.com/kr/buy-sell/%EC%BA%98%EB%9F%AC%EC%9B%A8%EC%9D%B4-%EB%A1%9C%EA%B7%B8st-%EC%95%84%EC%9D%B4%EC%96%B8%EC%84%B8%ED%8A%B8-z9kfitz2ohtp/?in=%EB%8C%80%EC%B9%98%EB%8F%99-6032
스포츠/레저,정품 지포어골프 여성 쿨 냉감티셔츠,"100,000원",1일 전,판매중,https://www.daangn.com/kr/buy-sell/%EC%A0%95%ED%92%88-%EC%A7%80%ED%8F%AC%EC%96%B4%EA%B3%A8%ED%94%84-%EC%97%AC%EC%84%B1-%EC%BF%A8-%EB%83%89%EA%B0%90%ED%8B%B0%EC%85%94%EC%B8%A0-me7phd4vk4j3/?in=%EB%8C%80%EC%B9%98%EB%8F%99-6032
스포츠/레저,"타이틀리스트 보키 SM9 50도 08F 웨지 (아쿠시네트코리어 정품, 다골 투어이슈 웨이트락 S200)","100,000원",끌올 1일 전,판매중,https://www.daangn.com/kr/buy-sell/%ED%83%80%EC%9D%B4%ED%8B%80%EB%A6%AC%EC%8A%A4%ED%8A%B8-%EB%B3%B4%ED%82%A4-sm9-50%EB%8F%84-08f-%EC%9B%A8%EC%A7%80-%EC%95%84%EC%BF%A0%EC%8B%9C%EB%84%A4%ED%8A%B8%EC%BD%94%EB%A6%AC%EC%96%B4-%EC%A0%95%ED%92%88-%EB%8B%A4%EA%B3%A8-%ED%88%AC%EC%96%B4%EC%9D%B4%EC%8A%88-%EC%9B%A8%EC%9D%B4%ED%8A%B8%EB%9D%BD-s200-e93djczof1pf/?in=%EB%8C%80%EC%B9%98%EB%8F%99-6032
스포츠/레저,주니어 골프 클럽 풀세트(키 130-150센티 적당),"100,000원",끌올 1일 전,판매중,https://www.daangn.com/kr/buy-sell/%EC%A3%BC%EB%8B%88%EC%96%B4-%EA%B3%A8%ED%94%84-%ED%81%B4%EB%9F%BD-%ED%92%80%EC%84%B8%ED%8A%B8-%ED%82%A4-130-150%EC%84%BC%ED%8B%B0-%EC%A0%81%EB%8B%B9-tmgxb1fp6tmn/?in=%EB%8C%80%EC%B9%98%EB%8F%99-6032
스포츠/레저,마스터바니 골프 여성1호 조거팬츠,"65,000원",1일 전,예약중,https://www.daangn.com/kr/buy-sell/%EB%A7%88%EC%8A%A4%ED%84%B0%EB%B0%94%EB%8B%88-%EA%B3%A8%ED%94%84-%EC%97%AC%EC%84%B11%ED%98%B8-%EC%A1%B0%EA%B1%B0%ED%8C%AC%EC%B8%A0-ukbdtpqd9kzh/?in=%EB%8C%80%EC%B9%98%EB%8F%99-6032
스포츠/레저,PRGR RS RED 우드 3번 5번,"150,000원",1일 전,판매중,https://www.daangn.com/kr/buy-sell/prgr-rs-red-%EC%9A%B0%EB%93%9C-3%EB%B2%88-5%EB%B2%88-vyipch6xvgrk/?in=%EB%8C%80%EC%B9%98%EB%8F%99-6032
스포츠/레저,여성 좌타 핑 드라이버,"40,000원",끌올 1일 전,판매중,https://www.daangn.com/kr/buy-sell/%EC%97%AC%EC%84%B1-%EC%A2%8C%ED%83%80-%ED%95%91-%EB%93%9C%EB%9D%BC%EC%9D%B4%EB%B2%84-8twhivfn4rra/?in=%EB%8C%80%EC%B9%98%EB%8F%99-6032
스포츠/레저,왁골프 여성 28사이즈 73호 쿨냉감 여름바지,"70,000원",1일 전,판매중,https://www.daangn.com/kr/buy-sell/%EC%99%81%EA%B3%A8%ED%94%84-%EC%97%AC%EC%84%B1-28%EC%82%AC%EC%9D%B4%EC%A6%88-73%ED%98%B8-%EC%BF%A8%EB%83%89%EA%B0%90-%EC%97%AC%EB%A6%84%EB%B0%94%EC%A7%80-gizut9kc19r5/?in=%EB%8C%80%EC%B9%98%EB%8F%99-6032
스포츠/레저,왁골프 쿨냉감치마73호 허리28사이즈,"65,000원",1일 전,판매중,https://www.daangn.com/kr/buy-sell/%EC%99%81%EA%B3%A8%ED%94%84-%EC%BF%A8%EB%83%89%EA%B0%90%EC%B9%98%EB%A7%8873%ED%98%B8-%ED%97%88%EB%A6%AC28%EC%82%AC%EC%9D%B4%EC%A6%88-nj8845fmu6uk/?in=%EB%8C%80%EC%B9%98%EB%8F%99-6032
스포츠/레저,235mm 골프화 2켤레 일괄,"15,000원",1일 전,판매중,https://www.daangn.com/kr/buy-sell/235mm-%EA%B3%A8%ED%94%84%ED%99%94-2%EC%BC%A4%EB%A0%88-%EC%9D%BC%EA%B4%84-db6jstedm27k/?in=%EB%8C%80%EC%B9%98%EB%8F%99-6032
스포츠/레저,"[새제품]블랙롤 블랙박스 세트(폼롤러, 볼 세트)","75,000원",끌올 1일 전,판매중,https://www.daangn.com/kr/buy-sell/%EC%83%88%EC%A0%9C%ED%92%88-%EB%B8%94%EB%9E%99%EB%A1%A4-%EB%B8%94%EB%9E%99%EB%B0%95%EC%8A%A4-%EC%84%B8%ED%8A%B8-%ED%8F%BC%EB%A1%A4%EB%9F%AC-%EB%B3%BC-%EC%84%B8%ED%8A%B8-2ab86cdnf77w/?in=%EB%8C%80%EC%B9%98%EB%8F%99-6032
스포츠/레저,파리게이츠 골프 치마0호.,"30,000원",1일 전,판매중,https://www.daangn.com/kr/buy-sell/%ED%8C%8C%EB%A6%AC%EA%B2%8C%EC%9D%B4%EC%B8%A0-%EA%B3%A8%ED%94%84-%EC%B9%98%EB%A7%880%ED%98%B8-agzbqzpkakjt/?in=%EB%8C%80%EC%B9%98%EB%8F%99-6032
스포츠/레저,테일메이드 RBZ. 마루망 베리티 VIP 아이언.,"500,000원",끌올 1일 전,판매중,https://www.daangn.com/kr/buy-sell/%ED%85%8C%EC%9D%BC%EB%A9%94%EC%9D%B4%EB%93%9C-rbz-%EB%A7%88%EB%A3%A8%EB%A7%9D-%EB%B2%A0%EB%A6%AC%ED%8B%B0-vip-%EC%95%84%EC%9D%B4%EC%96%B8-w2tanfpum7j3/?in=%EB%8C%80%EC%B9%98%EB%8F%99-6032
스포츠/레저,니켄트 유맥스 4번 유틸리티 우드,"20,000원",끌올 1일 전,판매중,https://www.daangn.com/kr/buy-sell/%EB%8B%88%EC%BC%84%ED%8A%B8-%EC%9C%A0%EB%A7%A5%EC%8A%A4-4%EB%B2%88-%EC%9C%A0%ED%8B%B8%EB%A6%AC%ED%8B%B0-%EC%9A%B0%EB%93%9C-xsks93w7b66i/?in=%EB%8C%80%EC%B9%98%EB%8F%99-6032
스포츠/레저,롤링스 소가죽 야구 글러브 ❤️🧡💛,"40,000원",끌올 1일 전,판매중,https://www.daangn.com/kr/buy-sell/%EB%A1%A4%EB%A7%81%EC%8A%A4-%EC%86%8C%EA%B0%80%EC%A3%BD-%EC%95%BC%EA%B5%AC-%EA%B8%80%EB%9F%AC%EB%B8%8C-q44g3jfkr6yk/?in=%EB%8C%80%EC%B9%98%EB%8F%99-6032
스포츠/레저,사우스케이프 골프 여성s사이즈 티셔츠,"80,000원",1일 전,판매완료,https://www.daangn.com/kr/buy-sell/%EC%82%AC%EC%9A%B0%EC%8A%A4%EC%BC%80%EC%9D%B4%ED%94%84-%EA%B3%A8%ED%94%84-%EC%97%AC%EC%84%B1s%EC%82%AC%EC%9D%B4%EC%A6%88-%ED%8B%B0%EC%85%94%EC%B8%A0-kp3jp211z2h9/?in=%EB%8C%80%EC%B9%98%EB%8F%99-6032
스포츠/레저,플랜40 차박 자충매트,"65,000원",끌올 1일 전,판매중,https://www.daangn.com/kr/buy-sell/%ED%94%8C%EB%9E%9C40-%EC%B0%A8%EB%B0%95-%EC%9E%90%EC%B6%A9%EB%A7%A4%ED%8A%B8-pr2qtf4mjft4/?in=%EB%8C%80%EC%B9%98%EB%8F%99-6032
스포츠/레저,미라벨 렉타타프 M,"60,000원",끌올 1일 전,판매중,https://www.daangn.com/kr/buy-sell/%EB%AF%B8%EB%9D%BC%EB%B2%A8-%EB%A0%89%ED%83%80%ED%83%80%ED%94%84-m-odam3oguvvd1/?in=%EB%8C%80%EC%B9%98%EB%8F%99-6032
스포츠/레저,새상품급~아식스 285mm 블랙 - 엑스트라 와이드,"100,000원",끌올 1일 전,판매중,https://www.daangn.com/kr/buy-sell/%EC%83%88%EC%83%81%ED%92%88%EA%B8%89-%EC%95%84%EC%8B%9D%EC%8A%A4-285mm-%EB%B8%94%EB%9E%99-%EC%97%91%EC%8A%A4%ED%8A%B8%EB%9D%BC-%EC%99%80%EC%9D%B4%EB%93%9C-6keegv6jnbns/?in=%EB%8C%80%EC%B9%98%EB%8F%99-6032
스포츠/레저,안성현 선수 친필 모자 포함 ISU 골프 액세서리 세트,"40,000원",끌올 1일 전,판매중,https://www.daangn.com/kr/buy-sell/%EC%95%88%EC%84%B1%ED%98%84-%EC%84%A0%EC%88%98-%EC%B9%9C%ED%95%84-%EB%AA%A8%EC%9E%90-%ED%8F%AC%ED%95%A8-isu-%EA%B3%A8%ED%94%84-%EC%95%A1%EC%84%B8%EC%84%9C%EB%A6%AC-%EC%84%B8%ED%8A%B8-faw494a2osj1/?in=%EB%8C%80%EC%B9%98%EB%8F%99-6032
스포츠/레저,골프 퍼팅 연습 매트⛳,"70,000원",1일 전,판매중,https://www.daangn.com/kr/buy-sell/%EA%B3%A8%ED%94%84-%ED%8D%BC%ED%8C%85-%EC%97%B0%EC%8A%B5-%EB%A7%A4%ED%8A%B8-9hecsq3obgar/?in=%EB%8C%80%EC%B9%98%EB%8F%99-6032
스포츠/레저,삼천리자전거 PHANTOM 팬텀Q SF 플러스 전기자전거 2023년 20Ah,"800,000원",1일 전,판매중,https://www.daangn.com/kr/buy-sell/%EC%82%BC%EC%B2%9C%EB%A6%AC%EC%9E%90%EC%A0%84%EA%B1%B0-phantom-%ED%8C%AC%ED%85%80q-sf-%ED%94%8C%EB%9F%AC%EC%8A%A4-%EC%A0%84%EA%B8%B0%EC%9E%90%EC%A0%84%EA%B1%B0-2023%EB%85%84-20ah-opo53giom7p9/?in=%EB%8C%80%EC%B9%98%EB%8F%99-6032
스포츠/레저,크로스엑스 런닝머신 핑크색(마지막 가격),"270,000원",끌올 1일 전,판매중,https://www.daangn.com/kr/buy-sell/%ED%81%AC%EB%A1%9C%EC%8A%A4%EC%97%91%EC%8A%A4-%EB%9F%B0%EB%8B%9D%EB%A8%B8%EC%8B%A0-%ED%95%91%ED%81%AC%EC%83%89-%EB%A7%88%EC%A7%80%EB%A7%89-%EA%B0%80%EA%B2%A9-834hdub1htjj/?in=%EB%8C%80%EC%B9%98%EB%8F%99-6032
스포츠/레저,마크앤로나골프 여성 90호 쿨티셔츠,"100,000원",1일 전,판매중,https://www.daangn.com/kr/buy-sell/%EB%A7%88%ED%81%AC%EC%95%A4%EB%A1%9C%EB%82%98%EA%B3%A8%ED%94%84-%EC%97%AC%EC%84%B1-90%ED%98%B8-%EC%BF%A8%ED%8B%B0%EC%85%94%EC%B8%A0-qj3cqpwqucce/?in=%EB%8C%80%EC%B9%98%EB%8F%99-6032
스포츠/레저,핑 G425 3번 유틸리티,"200,000원",1일 전,판매중,https://www.daangn.com/kr/buy-sell/%ED%95%91-g425-3%EB%B2%88-%EC%9C%A0%ED%8B%B8%EB%A6%AC%ED%8B%B0-wjb1vnyfw7bk/?in=%EB%8C%80%EC%B9%98%EB%8F%99-6032
스포츠/레저,사우스케이프 골프 여성 95호 쿨티셔츠,"130,000원",1일 전,판매중,https://www.daangn.com/kr/buy-sell/%EC%82%AC%EC%9A%B0%EC%8A%A4%EC%BC%80%EC%9D%B4%ED%94%84-%EA%B3%A8%ED%94%84-%EC%97%AC%EC%84%B1-95%ED%98%B8-%EC%BF%A8%ED%8B%B0%EC%85%94%EC%B8%A0-wsyk59eerqpr/?in=%EB%8C%80%EC%B9%98%EB%8F%99-6032
스포츠/레저,아디다스 퓨어부스트22 런닝화 워킹화,"65,000원",끌올 1일 전,판매중,https://www.daangn.com/kr/buy-sell/%EC%95%84%EB%94%94%EB%8B%A4%EC%8A%A4-%ED%93%A8%EC%96%B4%EB%B6%80%EC%8A%A4%ED%8A%B822-%EB%9F%B0%EB%8B%9D%ED%99%94-%EC%9B%8C%ED%82%B9%ED%99%94-cvzen1eyhg2f/?in=%EB%8C%80%EC%B9%98%EB%8F%99-6032
스포츠/레저,255(us7.5)추천250 나이키 페가수스 5gtx,"88,000원",끌올 1시간 전,판매중,https://www.daangn.com/kr/buy-sell/255-us7-5-%EC%B6%94%EC%B2%9C250-%EB%82%98%EC%9D%B4%ED%82%A4-%ED%8E%98%EA%B0%80%EC%88%98%EC%8A%A4-5gtx-e6bpetwvyudj/?in=%EB%8C%80%EC%B9%98%EB%8F%99-6032
스포츠/레저,루디프로젝트 스핀호크 SP315906X 선글라스,"65,000원",끌올 2시간 전,판매중,https://www.daangn.com/kr/buy-sell/%EB%A3%A8%EB%94%94%ED%94%84%EB%A1%9C%EC%A0%9D%ED%8A%B8-%EC%8A%A4%ED%95%80%ED%98%B8%ED%81%AC-sp315906x-%EC%84%A0%EA%B8%80%EB%9D%BC%EC%8A%A4-8zaa7xhxmcj3/?in=%EB%8C%80%EC%B9%98%EB%8F%99-6032
스포츠/레저,나이키 여성 운동화 240,"3,000원",끌올 33분 전,판매중,https://www.daangn.com/kr/buy-sell/%EB%82%98%EC%9D%B4%ED%82%A4-%EC%97%AC%EC%84%B1-%EC%9A%B4%EB%8F%99%ED%99%94-240-6yh5g6a5vwaf/?in=%EB%8C%80%EC%B9%98%EB%8F%99-6032
스포츠/레저,휘트니스엠 선릉점 PT30회+10개월 회원권 양도(라커포함),"2,200,000원",끌올 1시간 전,판매중,https://www.daangn.com/kr/buy-sell/%ED%9C%98%ED%8A%B8%EB%8B%88%EC%8A%A4%EC%97%A0-%EC%84%A0%EB%A6%89%EC%A0%90-pt30%ED%9A%8C-10%EA%B0%9C%EC%9B%94-%ED%9A%8C%EC%9B%90%EA%B6%8C-%EC%96%91%EB%8F%84-%EB%9D%BC%EC%BB%A4%ED%8F%AC%ED%95%A8-jiwbvn9dwq8x/?in=%EB%8C%80%EC%B9%98%EB%8F%99-6032
스포츠/레저,미사용 새제품 아웃도어 파우치,"5,000원",끌올 43분 전,판매중,https://www.daangn.com/kr/buy-sell/%EB%AF%B8%EC%82%AC%EC%9A%A9-%EC%83%88%EC%A0%9C%ED%92%88-%EC%95%84%EC%9B%83%EB%8F%84%EC%96%B4-%ED%8C%8C%EC%9A%B0%EC%B9%98-x59ggym5qqcz/?in=%EB%8C%80%EC%B9%98%EB%8F%99-6032
